[ECT] : ECT Information
	[VA] : ffffff8100d00000
	[SIGN] : PARA
	[VERSION] : 003j
	[TOTAL SIZE] : 44904
	[NUM OF HEADER] : 7
[ECT] : PLL Information
	[PARSER VERSION] : 1
	[VERSION] : 0.00
	[NUM OF PLL] : 5
		[PLL NAME] : PLL_CPUCL0
		[PLL TYPE] : 14160
		[NUM OF FREQUENCY] : 18
			[FREQUENCY] : 2808000000
			[P] : 3
			[M] : 324
			[S] : 0
			[K] : 0
			[FREQUENCY] : 2704000000
			[P] : 3
			[M] : 312
			[S] : 0
			[K] : 0
			[FREQUENCY] : 2652000000
			[P] : 3
			[M] : 306
			[S] : 0
			[K] : 0
			[FREQUENCY] : 2574000000
			[P] : 3
			[M] : 297
			[S] : 0
			[K] : 0
			[FREQUENCY] : 2496000000
			[P] : 3
			[M] : 288
			[S] : 0
			[K] : 0
			[FREQUENCY] : 2314000000
			[P] : 3
			[M] : 267
			[S] : 0
			[K] : 0
			[FREQUENCY] : 2158000000
			[P] : 3
			[M] : 498
			[S] : 1
			[K] : 0
			[FREQUENCY] : 2002000000
			[P] : 3
			[M] : 462
			[S] : 1
			[K] : 0
			[FREQUENCY] : 1937000000
			[P] : 3
			[M] : 447
			[S] : 1
			[K] : 0
			[FREQUENCY] : 1807000000
			[P] : 3
			[M] : 417
			[S] : 1
			[K] : 0
			[FREQUENCY] : 1703000000
			[P] : 3
			[M] : 393
			[S] : 1
			[K] : 0
			[FREQUENCY] : 1469000000
			[P] : 3
			[M] : 339
			[S] : 1
			[K] : 0
			[FREQUENCY] : 1261000000
			[P] : 3
			[M] : 291
			[S] : 1
			[K] : 0
			[FREQUENCY] : 1170000000
			[P] : 3
			[M] : 270
			[S] : 1
			[K] : 0
			[FREQUENCY] : 1066000000
			[P] : 3
			[M] : 492
			[S] : 2
			[K] : 0
			[FREQUENCY] : 962000000
			[P] : 3
			[M] : 444
			[S] : 2
			[K] : 0
			[FREQUENCY] : 858000000
			[P] : 3
			[M] : 396
			[S] : 2
			[K] : 0
			[FREQUENCY] : 741000000
			[P] : 3
			[M] : 342
			[S] : 2
			[K] : 0
		[PLL NAME] : PLL_CPUCL1
		[PLL TYPE] : 14160
		[NUM OF FREQUENCY] : 12
			[FREQUENCY] : 2002000000
			[P] : 3
			[M] : 231
			[S] : 0
			[K] : 0
			[FREQUENCY] : 1898000000
			[P] : 3
			[M] : 219
			[S] : 0
			[K] : 0
			[FREQUENCY] : 1794000000
			[P] : 3
			[M] : 207
			[S] : 0
			[K] : 0
			[FREQUENCY] : 1690000000
			[P] : 3
			[M] : 195
			[S] : 0
			[K] : 0
			[FREQUENCY] : 1456000000
			[P] : 3
			[M] : 168
			[S] : 0
			[K] : 0
			[FREQUENCY] : 1248000000
			[P] : 3
			[M] : 144
			[S] : 0
			[K] : 0
			[FREQUENCY] : 1053000000
			[P] : 3
			[M] : 243
			[S] : 1
			[K] : 0
			[FREQUENCY] : 949000000
			[P] : 3
			[M] : 219
			[S] : 1
			[K] : 0
			[FREQUENCY] : 832000000
			[P] : 3
			[M] : 192
			[S] : 1
			[K] : 0
			[FREQUENCY] : 715000000
			[P] : 3
			[M] : 165
			[S] : 1
			[K] : 0
			[FREQUENCY] : 598000000
			[P] : 3
			[M] : 276
			[S] : 2
			[K] : 0
			[FREQUENCY] : 455000000
			[P] : 3
			[M] : 210
			[S] : 2
			[K] : 0
		[PLL NAME] : PLL_G3D
		[PLL TYPE] : 14160
		[NUM OF FREQUENCY] : 9
			[FREQUENCY] : 838000000
			[P] : 4
			[M] : 129
			[S] : 0
			[K] : 0
			[FREQUENCY] : 764000000
			[P] : 5
			[M] : 147
			[S] : 0
			[K] : 0
			[FREQUENCY] : 682000000
			[P] : 4
			[M] : 105
			[S] : 0
			[K] : 0
			[FREQUENCY] : 572000000
			[P] : 4
			[M] : 176
			[S] : 1
			[K] : 0
			[FREQUENCY] : 546000000
			[P] : 4
			[M] : 168
			[S] : 1
			[K] : 0
			[FREQUENCY] : 455000000
			[P] : 4
			[M] : 140
			[S] : 1
			[K] : 0
			[FREQUENCY] : 384000000
			[P] : 5
			[M] : 148
			[S] : 1
			[K] : 0
			[FREQUENCY] : 338000000
			[P] : 4
			[M] : 104
			[S] : 1
			[K] : 0
			[FREQUENCY] : 260000000
			[P] : 4
			[M] : 160
			[S] : 2
			[K] : 0
		[PLL NAME] : PLL_MIF
		[PLL TYPE] : 14160
		[NUM OF FREQUENCY] : 13
			[FREQUENCY] : 4186000000
			[P] : 3
			[M] : 483
			[S] : 0
			[K] : 0
			[FREQUENCY] : 4004000000
			[P] : 3
			[M] : 462
			[S] : 0
			[K] : 0
			[FREQUENCY] : 3588000000
			[P] : 3
			[M] : 414
			[S] : 0
			[K] : 0
			[FREQUENCY] : 3078000000
			[P] : 5
			[M] : 592
			[S] : 0
			[K] : 0
			[FREQUENCY] : 2704000000
			[P] : 3
			[M] : 312
			[S] : 0
			[K] : 0
			[FREQUENCY] : 2028000000
			[P] : 3
			[M] : 468
			[S] : 1
			[K] : 0
			[FREQUENCY] : 1690000000
			[P] : 3
			[M] : 390
			[S] : 1
			[K] : 0
			[FREQUENCY] : 1352000000
			[P] : 3
			[M] : 312
			[S] : 1
			[K] : 0
			[FREQUENCY] : 1092000000
			[P] : 3
			[M] : 504
			[S] : 2
			[K] : 0
			[FREQUENCY] : 841000000
			[P] : 4
			[M] : 518
			[S] : 2
			[K] : 0
			[FREQUENCY] : 572000000
			[P] : 3
			[M] : 264
			[S] : 2
			[K] : 0
			[FREQUENCY] : 416000000
			[P] : 3
			[M] : 384
			[S] : 3
			[K] : 0
			[FREQUENCY] : 0
			[P] : 0
			[M] : 0
			[S] : 0
			[K] : 0
		[PLL NAME] : PLL_SHARED1
		[PLL TYPE] : 14160
		[NUM OF FREQUENCY] : 12
			[FREQUENCY] : 4186000000
			[P] : 4
			[M] : 287
			[S] : 0
			[K] : 0
			[FREQUENCY] : 4004000000
			[P] : 4
			[M] : 287
			[S] : 0
			[K] : 0
			[FREQUENCY] : 3588000000
			[P] : 4
			[M] : 287
			[S] : 0
			[K] : 0
			[FREQUENCY] : 3078000000
			[P] : 4
			[M] : 287
			[S] : 0
			[K] : 0
			[FREQUENCY] : 2704000000
			[P] : 4
			[M] : 287
			[S] : 0
			[K] : 0
			[FREQUENCY] : 2028000000
			[P] : 3
			[M] : 234
			[S] : 0
			[K] : 0
			[FREQUENCY] : 1690000000
			[P] : 3
			[M] : 195
			[S] : 0
			[K] : 0
			[FREQUENCY] : 1352000000
			[P] : 3
			[M] : 156
			[S] : 0
			[K] : 0
			[FREQUENCY] : 1092000000
			[P] : 3
			[M] : 252
			[S] : 1
			[K] : 0
			[FREQUENCY] : 841000000
			[P] : 4
			[M] : 259
			[S] : 1
			[K] : 0
			[FREQUENCY] : 572000000
			[P] : 3
			[M] : 264
			[S] : 2
			[K] : 0
			[FREQUENCY] : 416000000
			[P] : 3
			[M] : 192
			[S] : 2
			[K] : 0
[ECT] : DVFS Information
	[PARSER VERSION] : 3
	[VERSION] : 3.19
	[NUM OF DOMAIN] : 10
		[DOMAIN NAME] : dvfs_cpucl0
		[BOOT LEVEL IDX] : 11
		[RESUME LEVEL IDX] : 11
		[MAX FREQ] : 0
		[MIN FREQ] : 4294967295
		[NUM OF SFR] : 1
			[SFR ADDRESS] : 16800120
		[NUM OF LEVEL] : 18
			[LEVEL] : 2808000(X)
			[LEVEL] : 2704000(X)
			[LEVEL] : 2652000(X)
			[LEVEL] : 2574000(X)
			[LEVEL] : 2496000(X)
			[LEVEL] : 2314000(X)
			[LEVEL] : 2158000(X)
			[LEVEL] : 2002000(X)
			[LEVEL] : 1937000(X)
			[LEVEL] : 1807000(X)
			[LEVEL] : 1703000(X)
			[LEVEL] : 1469000(X)
			[LEVEL] : 1261000(X)
			[LEVEL] : 1170000(X)
			[LEVEL] : 1066000(X)
			[LEVEL] : 962000(X)
			[LEVEL] : 858000(X)
			[LEVEL] : 741000(X)
				[TABLE]
				0 
				1 
				2 
				3 
				4 
				5 
				6 
				7 
				8 
				9 
				10 
				11 
				12 
				13 
				14 
				15 
				16 
				17 
		[DOMAIN NAME] : dvfs_cpucl1
		[BOOT LEVEL IDX] : 6
		[RESUME LEVEL IDX] : 6
		[MAX FREQ] : 0
		[MIN FREQ] : 4294967295
		[NUM OF SFR] : 1
			[SFR ADDRESS] : 16900120
		[NUM OF LEVEL] : 12
			[LEVEL] : 2002000(X)
			[LEVEL] : 1898000(X)
			[LEVEL] : 1794000(X)
			[LEVEL] : 1690000(X)
			[LEVEL] : 1456000(X)
			[LEVEL] : 1248000(X)
			[LEVEL] : 1053000(X)
			[LEVEL] : 949000(X)
			[LEVEL] : 832000(X)
			[LEVEL] : 715000(X)
			[LEVEL] : 598000(X)
			[LEVEL] : 455000(X)
				[TABLE]
				0 
				1 
				2 
				3 
				4 
				5 
				6 
				7 
				8 
				9 
				10 
				11 
		[DOMAIN NAME] : dvfs_g3d
		[BOOT LEVEL IDX] : NONE
		[RESUME LEVEL IDX] : NONE
		[MAX FREQ] : 0
		[MIN FREQ] : 4294967295
		[NUM OF SFR] : 1
			[SFR ADDRESS] : 13800120
		[NUM OF LEVEL] : 9
			[LEVEL] : 839000(X)
			[LEVEL] : 764000(X)
			[LEVEL] : 683000(X)
			[LEVEL] : 572000(X)
			[LEVEL] : 546000(X)
			[LEVEL] : 455000(X)
			[LEVEL] : 385000(X)
			[LEVEL] : 338000(X)
			[LEVEL] : 260000(X)
				[TABLE]
				0 
				1 
				2 
				3 
				4 
				5 
				6 
				7 
				8 
		[DOMAIN NAME] : dvfs_mif
		[BOOT LEVEL IDX] : 0
		[RESUME LEVEL IDX] : 5
		[MAX FREQ] : 0
		[MIN FREQ] : 4294967295
		[NUM OF SFR] : 4
			[SFR ADDRESS] : 16000100
			[SFR ADDRESS] : 15a80140
			[SFR ADDRESS] : 15a81034
			[SFR ADDRESS] : 15a81834
		[NUM OF LEVEL] : 12
			[LEVEL] : 2093000(X)
			[LEVEL] : 2002000(X)
			[LEVEL] : 1794000(X)
			[LEVEL] : 1540000(X)
			[LEVEL] : 1352000(X)
			[LEVEL] : 1014000(X)
			[LEVEL] : 845000(X)
			[LEVEL] : 676000(X)
			[LEVEL] : 546000(X)
			[LEVEL] : 421000(X)
			[LEVEL] : 286000(X)
			[LEVEL] : 208000(X)
				[TABLE]
				0 0 0 0 
				1 0 0 0 
				2 0 1 0 
				3 0 2 0 
				4 0 3 0 
				5 0 4 0 
				12 6 5 0 
				12 7 5 0 
				12 8 5 0 
				12 9 5 0 
				12 10 5 0 
				12 11 5 0 
		[DOMAIN NAME] : dvfs_int
		[BOOT LEVEL IDX] : 0
		[RESUME LEVEL IDX] : 4
		[MAX FREQ] : 0
		[MIN FREQ] : 4294967295
		[NUM OF SFR] : 16
			[SFR ADDRESS] : 15a81008
			[SFR ADDRESS] : 15a81058
			[SFR ADDRESS] : 15a8106c
			[SFR ADDRESS] : 15a8107c
			[SFR ADDRESS] : 15a81080
			[SFR ADDRESS] : 15a81088
			[SFR ADDRESS] : 15a81098
			[SFR ADDRESS] : 15a8100c
			[SFR ADDRESS] : 15a81808
			[SFR ADDRESS] : 15a81854
			[SFR ADDRESS] : 15a81868
			[SFR ADDRESS] : 15a81878
			[SFR ADDRESS] : 15a8187c
			[SFR ADDRESS] : 15a81888
			[SFR ADDRESS] : 15a81898
			[SFR ADDRESS] : 15a8180c
		[NUM OF LEVEL] : 7
			[LEVEL] : 667000(X)
			[LEVEL] : 533000(X)
			[LEVEL] : 400000(X)
			[LEVEL] : 333000(X)
			[LEVEL] : 267000(X)
			[LEVEL] : 178000(X)
			[LEVEL] : 107000(X)
				[TABLE]
				1 2 1 0 0 0 0 0 0 1 1 0 0 1 0 0 
				1 2 1 0 0 0 0 1 0 1 1 0 0 1 0 0 
				3 2 0 3 2 2 3 3 0 3 4 0 0 1 0 0 
				0 3 1 1 0 0 1 0 1 3 3 1 1 2 1 1 
				1 3 1 1 0 0 1 1 1 3 3 1 1 2 1 1 
				1 3 1 1 0 0 1 1 2 5 5 2 2 5 2 2 
				1 3 1 1 0 0 1 1 4 7 7 5 5 5 5 5 
		[DOMAIN NAME] : dvfs_intcam
		[BOOT LEVEL IDX] : 0
		[RESUME LEVEL IDX] : 0
		[MAX FREQ] : 0
		[MIN FREQ] : 4294967295
		[NUM OF SFR] : 4
			[SFR ADDRESS] : 15a81090
			[SFR ADDRESS] : 15a8108c
			[SFR ADDRESS] : 15a81890
			[SFR ADDRESS] : 15a8188c
		[NUM OF LEVEL] : 4
			[LEVEL] : 690000(X)
			[LEVEL] : 680000(X)
			[LEVEL] : 670000(X)
			[LEVEL] : 640000(X)
				[TABLE]
				1 1 0 0 
				3 3 0 0 
				2 2 1 1 
				0 0 15 15 
		[DOMAIN NAME] : dvfs_cam
		[BOOT LEVEL IDX] : 0
		[RESUME LEVEL IDX] : 0
		[MAX FREQ] : 0
		[MIN FREQ] : 4294967295
		[NUM OF SFR] : 22
			[SFR ADDRESS] : 15a81014
			[SFR ADDRESS] : 15a81018
			[SFR ADDRESS] : 15a8101c
			[SFR ADDRESS] : 15a81020
			[SFR ADDRESS] : 15a81044
			[SFR ADDRESS] : 15a81048
			[SFR ADDRESS] : 15a81054
			[SFR ADDRESS] : 15a81094
			[SFR ADDRESS] : 15a810f8
			[SFR ADDRESS] : 15a810fc
			[SFR ADDRESS] : 15a81100
			[SFR ADDRESS] : 15a81814
			[SFR ADDRESS] : 15a81818
			[SFR ADDRESS] : 15a8181c
			[SFR ADDRESS] : 15a81820
			[SFR ADDRESS] : 15a81844
			[SFR ADDRESS] : 15a81848
			[SFR ADDRESS] : 15a81850
			[SFR ADDRESS] : 15a81894
			[SFR ADDRESS] : 15a81900
			[SFR ADDRESS] : 15a81904
			[SFR ADDRESS] : 15a81908
		[NUM OF LEVEL] : 7
			[LEVEL] : 690000(X)
			[LEVEL] : 680000(X)
			[LEVEL] : 670000(X)
			[LEVEL] : 660000(X)
			[LEVEL] : 650000(X)
			[LEVEL] : 640000(X)
			[LEVEL] : 630000(X)
				[TABLE]
				0 0 0 3 0 0 0 1 0 0 0 0 0 0 0 15 15 0 0 15 15 0 
				3 0 0 3 0 0 0 1 0 0 3 0 0 0 0 15 15 0 0 15 15 0 
				3 0 0 3 0 0 1 1 0 0 3 0 0 0 0 15 15 0 0 15 15 0 
				2 2 2 3 0 0 1 1 0 0 3 1 0 0 0 15 15 0 0 15 15 0 
				2 2 2 3 0 0 3 3 0 0 3 1 0 0 0 15 15 0 0 15 15 0 
				0 0 0 0 0 0 3 3 0 0 0 15 15 15 15 15 15 0 0 15 15 15 
				0 0 0 0 0 0 0 0 0 0 0 15 15 15 15 15 15 15 15 15 15 15 
		[DOMAIN NAME] : dvfs_disp
		[BOOT LEVEL IDX] : 0
		[RESUME LEVEL IDX] : 0
		[MAX FREQ] : 0
		[MIN FREQ] : 4294967295
		[NUM OF SFR] : 2
			[SFR ADDRESS] : 15a8104c
			[SFR ADDRESS] : 15a8184c
		[NUM OF LEVEL] : 5
			[LEVEL] : 630000(X)
			[LEVEL] : 533000(X)
			[LEVEL] : 356000(X)
			[LEVEL] : 214000(X)
			[LEVEL] : 134000(X)
				[TABLE]
				1 0 
				0 1 
				0 2 
				0 3 
				0 5 
		[DOMAIN NAME] : dvs_g3dm
		[BOOT LEVEL IDX] : NONE
		[RESUME LEVEL IDX] : NONE
		[MAX FREQ] : 0
		[MIN FREQ] : 4294967295
		[NUM OF SFR] : 1
			[SFR ADDRESS] : 13800120
		[NUM OF LEVEL] : 9
			[LEVEL] : 839000(X)
			[LEVEL] : 764000(X)
			[LEVEL] : 683000(X)
			[LEVEL] : 572000(X)
			[LEVEL] : 546000(X)
			[LEVEL] : 455000(X)
			[LEVEL] : 385000(X)
			[LEVEL] : 338000(X)
			[LEVEL] : 260000(X)
				[TABLE]
				0 
				1 
				2 
				3 
				4 
				5 
				6 
				7 
				8 
		[DOMAIN NAME] : dvs_cp
		[BOOT LEVEL IDX] : 0
		[RESUME LEVEL IDX] : 0
		[MAX FREQ] : 0
		[MIN FREQ] : 4294967295
		[NUM OF SFR] : 1
			[SFR ADDRESS] : ffffffff
		[NUM OF LEVEL] : 3
			[LEVEL] : 1500000(X)
			[LEVEL] : 1066000(X)
			[LEVEL] : 800000(X)
				[TABLE]
				0 
				0 
				0 
[ECT] : ASV Voltage Information
	[PARSER VERSION] : 3
	[VERSION] : 0.08
	[NUM OF DOMAIN] : 10
		[DOMAIN NAME] : dvfs_cpucl0
		[NUM OF ASV GROUP] : 16
		[NUM OF LEVEL] : 18
			[FREQUENCY] : 2808
			[FREQUENCY] : 2704
			[FREQUENCY] : 2652
			[FREQUENCY] : 2574
			[FREQUENCY] : 2496
			[FREQUENCY] : 2314
			[FREQUENCY] : 2158
			[FREQUENCY] : 2002
			[FREQUENCY] : 1937
			[FREQUENCY] : 1807
			[FREQUENCY] : 1703
			[FREQUENCY] : 1469
			[FREQUENCY] : 1261
			[FREQUENCY] : 1170
			[FREQUENCY] : 1066
			[FREQUENCY] : 962
			[FREQUENCY] : 858
			[FREQUENCY] : 741
		[NUM OF TABLE] : 8
			[TABLE VERSION] : 1
			[BOOT LEVEL IDX] : 14
			[RESUME LEVEL IDX] : 14
				[TABLE]
				0 0 0 0 0 0 0 0 0 0 0 0 0 0 0 0 
				0 0 0 0 0 0 0 0 0 0 0 0 0 0 0 0 
				1275000 1262500 1243750 1225000 1206250 1187500 1168750 1143750 1125000 1106250 1087500 1068750 1050000 1031250 1012500 993750 
				1231250 1218750 1206250 1187500 1168750 1150000 1131250 1112500 1093750 1075000 1056250 1037500 1018750 1000000 981250 962500 
				1193750 1181250 1162500 1150000 1131250 1112500 1093750 1075000 1056250 1043750 1025000 1006250 987500 968750 950000 931250 
				1112500 1100000 1087500 1068750 1050000 1037500 1018750 1006250 987500 968750 956250 937500 918750 906250 887500 868750 
				1118750 1106250 1093750 1075000 1062500 1043750 1031250 1018750 1000000 987500 968750 956250 937500 925000 906250 893750 
				1075000 1068750 1050000 1037500 1025000 1012500 993750 981250 968750 950000 937500 925000 906250 893750 875000 862500 
				1062500 1056250 1037500 1025000 1012500 1000000 981250 968750 956250 937500 925000 912500 893750 881250 868750 850000 
				1031250 1025000 1012500 1000000 987500 968750 956250 943750 931250 912500 900000 887500 868750 856250 843750 825000 
				1012500 1006250 993750 981250 968750 950000 937500 925000 912500 900000 881250 868750 856250 843750 831250 812500 
				975000 968750 956250 943750 931250 912500 900000 887500 875000 862500 850000 837500 825000 806250 793750 781250 
				950000 937500 925000 912500 900000 887500 875000 862500 850000 837500 825000 812500 793750 781250 768750 756250 
				937500 925000 912500 900000 887500 875000 862500 850000 837500 825000 812500 800000 781250 768750 756250 743750 
				925000 918750 906250 893750 881250 868750 856250 843750 831250 812500 800000 787500 775000 762500 750000 737500 
				912500 906250 893750 881250 868750 856250 843750 831250 818750 806250 793750 781250 768750 756250 737500 725000 
				906250 900000 887500 875000 862500 850000 837500 825000 812500 800000 787500 775000 762500 750000 731250 718750 
				893750 887500 875000 862500 850000 837500 825000 812500 800000 787500 775000 762500 750000 731250 718750 706250 
			[TABLE VERSION] : 2
			[BOOT LEVEL IDX] : 14
			[RESUME LEVEL IDX] : 14
				[TABLE]
				0 0 0 0 0 0 0 0 0 0 0 0 0 0 0 0 
				0 0 0 0 0 0 0 0 0 0 0 0 0 0 0 0 
				0 0 0 0 0 0 0 0 0 0 0 0 0 0 0 0 
				0 0 0 0 0 0 0 0 0 0 0 0 0 0 0 0 
				0 0 0 0 0 0 0 0 0 0 0 0 0 0 0 0 
				0 0 0 0 0 0 0 0 0 0 0 0 0 0 0 0 
				1100000 1093750 1075000 1056250 1043750 1025000 1006250 993750 975000 956250 943750 925000 906250 893750 875000 856250 
				1043750 1031250 1018750 1000000 987500 968750 956250 937500 925000 906250 893750 875000 856250 843750 825000 806250 
				1025000 1012500 1000000 981250 968750 950000 937500 918750 906250 887500 875000 856250 843750 825000 812500 793750 
				987500 975000 962500 950000 931250 918750 906250 887500 875000 856250 843750 825000 812500 793750 781250 762500 
				962500 950000 937500 925000 906250 893750 881250 862500 850000 837500 818750 806250 793750 775000 762500 743750 
				900000 893750 875000 862500 850000 837500 818750 806250 793750 781250 768750 750000 737500 725000 712500 693750 
				843750 837500 825000 812500 800000 787500 768750 756250 743750 731250 718750 706250 687500 675000 662500 650000 
				825000 818750 806250 793750 781250 768750 750000 737500 725000 712500 700000 687500 668750 656250 643750 631250 
				812500 800000 787500 775000 762500 750000 737500 725000 706250 693750 681250 668750 656250 643750 631250 618750 
				781250 775000 762500 750000 737500 725000 712500 700000 681250 668750 656250 643750 631250 618750 612500 606250 
				756250 750000 737500 725000 712500 700000 687500 675000 662500 650000 637500 618750 606250 600000 600000 600000 
				743750 737500 725000 712500 700000 687500 675000 656250 643750 631250 618750 606250 600000 600000 600000 600000 
			[TABLE VERSION] : 3
			[BOOT LEVEL IDX] : 14
			[RESUME LEVEL IDX] : 14
				[TABLE]
				0 0 0 0 0 0 0 0 0 0 0 0 0 0 0 0 
				0 0 0 0 0 0 0 0 0 0 0 0 0 0 0 0 
				1200000 1200000 1200000 1200000 1193750 1181250 1162500 1150000 1137500 1118750 1106250 1093750 1075000 1062500 1050000 1031250 
				1200000 1193750 1181250 1168750 1156250 1137500 1125000 1112500 1100000 1081250 1068750 1056250 1043750 1025000 1012500 1000000 
				1181250 1168750 1156250 1143750 1131250 1118750 1106250 1087500 1075000 1062500 1050000 1037500 1018750 1006250 993750 981250 
				1100000 1093750 1081250 1068750 1050000 1037500 1025000 1012500 1000000 987500 975000 962500 950000 937500 925000 912500 
				1056250 1050000 1037500 1025000 1012500 1000000 987500 975000 962500 950000 937500 925000 912500 900000 887500 875000 
				993750 987500 975000 962500 950000 937500 925000 912500 906250 893750 881250 868750 856250 850000 837500 825000 
				968750 962500 950000 943750 931250 918750 906250 893750 887500 875000 862500 850000 837500 831250 818750 806250 
				937500 931250 918750 906250 900000 887500 875000 862500 856250 843750 831250 818750 806250 800000 787500 775000 
				912500 906250 893750 881250 875000 862500 850000 843750 831250 818750 812500 800000 787500 781250 768750 756250 
				850000 843750 837500 825000 812500 806250 793750 787500 775000 762500 756250 743750 737500 725000 718750 706250 
				818750 812500 800000 793750 781250 775000 762500 756250 743750 737500 725000 718750 706250 700000 687500 675000 
				800000 793750 787500 781250 768750 762500 750000 743750 731250 725000 712500 706250 693750 687500 675000 662500 
				787500 781250 775000 768750 756250 750000 737500 731250 718750 712500 700000 693750 681250 675000 662500 656250 
				775000 768750 762500 750000 743750 737500 725000 718750 706250 700000 687500 681250 668750 662500 656250 650000 
				762500 756250 750000 737500 731250 725000 712500 706250 693750 687500 675000 668750 662500 650000 650000 650000 
				737500 731250 725000 712500 706250 693750 687500 681250 668750 662500 656250 650000 650000 650000 650000 650000 
			[TABLE VERSION] : 4
			[BOOT LEVEL IDX] : 14
			[RESUME LEVEL IDX] : 14
				[TABLE]
				0 0 0 0 0 0 0 0 0 0 0 0 0 0 0 0 
				1200000 1200000 1200000 1200000 1200000 1200000 1200000 1200000 1200000 1200000 1187500 1175000 1156250 1143750 1125000 1112500 
				1200000 1200000 1200000 1200000 1193750 1181250 1162500 1150000 1137500 1118750 1106250 1093750 1075000 1062500 1050000 1031250 
				1200000 1193750 1181250 1168750 1156250 1137500 1125000 1112500 1100000 1081250 1068750 1056250 1043750 1025000 1012500 1000000 
				1181250 1168750 1156250 1143750 1131250 1118750 1106250 1087500 1075000 1062500 1050000 1037500 1018750 1006250 993750 981250 
				1100000 1093750 1081250 1068750 1050000 1037500 1025000 1012500 1000000 987500 975000 962500 950000 937500 925000 912500 
				1056250 1050000 1037500 1025000 1012500 1000000 987500 975000 962500 950000 937500 925000 912500 900000 887500 875000 
				993750 987500 975000 962500 956250 943750 931250 918750 906250 893750 881250 875000 862500 850000 837500 825000 
				968750 962500 950000 943750 931250 918750 906250 893750 887500 875000 862500 850000 837500 831250 818750 806250 
				937500 931250 918750 906250 900000 887500 875000 868750 856250 843750 831250 825000 812500 800000 787500 775000 
				912500 906250 893750 881250 875000 862500 850000 843750 831250 818750 812500 800000 787500 781250 768750 756250 
				850000 843750 837500 825000 812500 806250 793750 787500 775000 762500 756250 743750 737500 725000 718750 706250 
				818750 812500 800000 793750 781250 775000 762500 756250 743750 737500 725000 718750 706250 700000 687500 675000 
				806250 800000 787500 781250 768750 762500 750000 743750 731250 725000 712500 706250 693750 687500 675000 668750 
				787500 781250 775000 768750 756250 750000 737500 731250 718750 712500 700000 693750 681250 675000 662500 656250 
				775000 768750 762500 750000 743750 737500 725000 718750 706250 700000 687500 681250 668750 662500 656250 650000 
				762500 756250 750000 737500 731250 725000 712500 706250 693750 687500 675000 668750 662500 650000 650000 650000 
				743750 737500 731250 718750 712500 700000 693750 687500 675000 668750 662500 650000 650000 650000 650000 650000 
			[TABLE VERSION] : 5
			[BOOT LEVEL IDX] : 14
			[RESUME LEVEL IDX] : 14
				[TABLE]
				1225000 1225000 1225000 1225000 1225000 1225000 1225000 1225000 1206250 1168750 1150000 1131250 1112500 1087500 1068750 1043750 
				1225000 1225000 1225000 1225000 1225000 1225000 1212500 1181250 1150000 1118750 1106250 1087500 1068750 1050000 1037500 1018750 
				1225000 1225000 1225000 1225000 1225000 1212500 1181250 1150000 1125000 1093750 1081250 1068750 1050000 1031250 1018750 1000000 
				1225000 1225000 1225000 1206250 1181250 1156250 1131250 1106250 1081250 1056250 1043750 1031250 1018750 1000000 987500 975000 
				1212500 1200000 1175000 1150000 1125000 1106250 1081250 1056250 1037500 1012500 1000000 993750 981250 968750 956250 943750 
				1112500 1100000 1081250 1062500 1037500 1018750 1000000 975000 956250 937500 925000 918750 912500 900000 893750 887500 
				1043750 1031250 1012500 993750 975000 962500 943750 918750 906250 887500 875000 868750 862500 856250 843750 837500 
				981250 975000 956250 937500 925000 906250 887500 875000 856250 837500 831250 825000 812500 806250 800000 787500 
				956250 950000 931250 918750 900000 887500 868750 850000 837500 818750 812500 806250 793750 781250 775000 762500 
				912500 906250 893750 875000 862500 850000 837500 818750 806250 793750 781250 775000 762500 750000 743750 731250 
				881250 875000 862500 850000 831250 825000 806250 793750 781250 768750 762500 750000 737500 731250 718750 706250 
				800000 793750 787500 775000 768750 762500 750000 743750 737500 725000 718750 712500 700000 693750 687500 675000 
				750000 750000 743750 737500 731250 725000 718750 712500 706250 693750 687500 681250 675000 668750 662500 656250 
				731250 731250 725000 718750 712500 706250 700000 693750 687500 681250 675000 668750 662500 656250 650000 643750 
				712500 712500 706250 700000 693750 687500 681250 675000 668750 662500 656250 656250 650000 643750 637500 631250 
				700000 693750 687500 681250 681250 675000 668750 662500 656250 650000 643750 643750 637500 631250 625000 618750 
				681250 675000 675000 668750 662500 656250 650000 650000 643750 637500 631250 631250 625000 618750 612500 606250 
				656250 650000 650000 643750 637500 637500 631250 631250 625000 625000 618750 612500 612500 606250 606250 600000 
			[TABLE VERSION] : 6
			[BOOT LEVEL IDX] : 14
			[RESUME LEVEL IDX] : 14
				[TABLE]
				1225000 1225000 1225000 1225000 1225000 1225000 1225000 1225000 1206250 1168750 1150000 1131250 1112500 1087500 1068750 1043750 
				1225000 1225000 1225000 1225000 1225000 1225000 1212500 1181250 1150000 1118750 1106250 1087500 1068750 1050000 1037500 1018750 
				1225000 1225000 1225000 1225000 1225000 1212500 1181250 1150000 1125000 1093750 1081250 1068750 1050000 1031250 1018750 1000000 
				1225000 1225000 1225000 1206250 1181250 1156250 1131250 1106250 1081250 1056250 1043750 1031250 1018750 1000000 987500 975000 
				1212500 1200000 1175000 1150000 1125000 1106250 1081250 1056250 1037500 1012500 1000000 993750 981250 968750 956250 943750 
				1112500 1100000 1081250 1062500 1037500 1018750 1000000 975000 956250 937500 925000 918750 912500 900000 893750 887500 
				1043750 1031250 1012500 993750 975000 962500 943750 918750 906250 887500 875000 868750 862500 856250 843750 837500 
				981250 975000 956250 937500 925000 906250 887500 875000 856250 837500 831250 825000 812500 806250 800000 787500 
				956250 950000 931250 918750 900000 887500 868750 850000 837500 818750 812500 806250 793750 781250 775000 762500 
				912500 906250 893750 875000 862500 850000 837500 818750 806250 793750 781250 775000 762500 750000 743750 731250 
				881250 875000 862500 850000 831250 825000 806250 793750 781250 768750 762500 750000 737500 731250 718750 706250 
				800000 793750 787500 775000 768750 762500 750000 743750 737500 725000 718750 712500 700000 693750 687500 675000 
				750000 750000 743750 737500 731250 725000 718750 712500 706250 693750 687500 681250 675000 668750 662500 656250 
				731250 731250 725000 718750 712500 706250 700000 693750 687500 681250 675000 668750 662500 656250 650000 643750 
				712500 712500 706250 700000 693750 687500 681250 675000 668750 662500 656250 656250 650000 643750 637500 631250 
				700000 693750 687500 681250 681250 675000 668750 662500 656250 650000 643750 643750 637500 631250 625000 618750 
				681250 675000 675000 668750 662500 656250 650000 650000 643750 637500 631250 631250 625000 618750 612500 606250 
				656250 650000 650000 643750 637500 637500 631250 631250 625000 625000 618750 612500 612500 606250 606250 600000 
			[TABLE VERSION] : 7
			[BOOT LEVEL IDX] : 14
			[RESUME LEVEL IDX] : 14
				[TABLE]
				1225000 1225000 1225000 1225000 1225000 1225000 1225000 1225000 1206250 1168750 1150000 1131250 1112500 1087500 1068750 1043750 
				1225000 1225000 1225000 1225000 1225000 1225000 1212500 1181250 1150000 1118750 1106250 1087500 1068750 1050000 1037500 1018750 
				1225000 1225000 1225000 1225000 1225000 1212500 1181250 1150000 1125000 1093750 1081250 1068750 1050000 1031250 1018750 1000000 
				1225000 1225000 1225000 1206250 1181250 1156250 1131250 1106250 1081250 1056250 1043750 1031250 1018750 1000000 987500 975000 
				1225000 1225000 1175000 1150000 1125000 1106250 1081250 1056250 1037500 1012500 1000000 993750 981250 968750 956250 943750 
				1118750 1112500 1087500 1068750 1043750 1025000 1006250 981250 962500 943750 925000 918750 912500 900000 893750 887500 
				1050000 1043750 1025000 1000000 981250 962500 943750 925000 906250 887500 875000 868750 862500 856250 843750 837500 
				987500 981250 962500 950000 931250 918750 900000 881250 868750 856250 831250 825000 812500 806250 800000 787500 
				968750 956250 943750 925000 912500 893750 881250 862500 850000 831250 812500 806250 793750 781250 775000 762500 
				925000 918750 906250 887500 875000 856250 843750 825000 812500 800000 781250 775000 762500 750000 743750 731250 
				893750 881250 868750 856250 837500 825000 812500 793750 781250 768750 762500 750000 737500 731250 718750 706250 
				825000 818750 812500 800000 787500 775000 756250 743750 737500 725000 718750 712500 700000 693750 687500 675000 
				775000 775000 768750 762500 750000 737500 725000 712500 706250 693750 687500 681250 675000 668750 662500 656250 
				756250 756250 750000 743750 731250 718750 706250 693750 687500 681250 675000 668750 662500 656250 650000 643750 
				737500 737500 731250 725000 712500 700000 687500 675000 668750 662500 656250 656250 650000 643750 637500 631250 
				725000 718750 712500 706250 700000 687500 675000 662500 656250 650000 643750 643750 637500 631250 625000 618750 
				706250 700000 700000 693750 681250 668750 656250 650000 643750 637500 631250 631250 625000 618750 612500 606250 
				681250 675000 675000 668750 656250 650000 637500 631250 625000 625000 618750 612500 612500 606250 606250 600000 
			[TABLE VERSION] : 8
			[BOOT LEVEL IDX] : 14
			[RESUME LEVEL IDX] : 14
				[TABLE]
				1225000 1225000 1225000 1225000 1225000 1225000 1225000 1225000 1206250 1168750 1150000 1131250 1112500 1087500 1068750 1043750 
				1225000 1225000 1225000 1225000 1225000 1225000 1212500 1181250 1150000 1118750 1106250 1087500 1068750 1050000 1037500 1018750 
				1225000 1225000 1225000 1225000 1225000 1212500 1181250 1150000 1125000 1093750 1081250 1068750 1050000 1031250 1018750 1000000 
				1225000 1225000 1225000 1206250 1181250 1156250 1131250 1106250 1081250 1056250 1043750 1031250 1018750 1000000 987500 975000 
				1225000 1193750 1150000 1137500 1112500 1106250 1081250 1056250 1037500 1012500 1000000 993750 981250 968750 956250 943750 
				1118750 1081250 1068750 1056250 1031250 1025000 1006250 981250 962500 943750 925000 918750 912500 900000 893750 887500 
				1050000 1018750 1006250 987500 968750 962500 943750 925000 906250 887500 875000 868750 862500 856250 843750 837500 
				987500 968750 950000 937500 925000 918750 900000 881250 868750 856250 831250 825000 812500 806250 800000 787500 
				968750 943750 931250 912500 900000 893750 881250 862500 850000 831250 812500 806250 793750 781250 775000 762500 
				925000 906250 893750 875000 862500 856250 843750 825000 812500 800000 781250 775000 762500 750000 743750 731250 
				893750 868750 856250 843750 831250 825000 812500 793750 781250 768750 762500 750000 737500 731250 718750 706250 
				825000 806250 800000 787500 781250 775000 756250 743750 737500 725000 718750 712500 700000 693750 687500 675000 
				775000 775000 768750 762500 750000 737500 725000 712500 706250 693750 687500 681250 675000 668750 662500 656250 
				756250 756250 750000 743750 731250 718750 706250 693750 687500 681250 675000 668750 662500 656250 650000 643750 
				737500 737500 731250 725000 712500 700000 687500 675000 668750 662500 656250 656250 650000 643750 637500 631250 
				725000 718750 712500 706250 700000 687500 675000 662500 656250 650000 643750 643750 637500 631250 625000 618750 
				706250 700000 700000 693750 681250 668750 656250 650000 643750 637500 631250 631250 625000 618750 612500 606250 
				681250 675000 675000 668750 656250 650000 637500 631250 625000 625000 618750 612500 612500 606250 606250 600000 
		[DOMAIN NAME] : dvfs_cpucl1
		[NUM OF ASV GROUP] : 16
		[NUM OF LEVEL] : 12
			[FREQUENCY] : 2002
			[FREQUENCY] : 1898
			[FREQUENCY] : 1794
			[FREQUENCY] : 1690
			[FREQUENCY] : 1456
			[FREQUENCY] : 1248
			[FREQUENCY] : 1053
			[FREQUENCY] : 949
			[FREQUENCY] : 832
			[FREQUENCY] : 715
			[FREQUENCY] : 598
			[FREQUENCY] : 455
		[NUM OF TABLE] : 8
			[TABLE VERSION] : 1
			[BOOT LEVEL IDX] : 6
			[RESUME LEVEL IDX] : 6
				[TABLE]
				0 0 0 0 0 0 0 0 0 0 0 0 0 0 0 0 
				0 0 0 0 0 0 0 0 0 0 0 0 0 0 0 0 
				1206250 1137500 1118750 1100000 1081250 1062500 1043750 1025000 1006250 987500 968750 950000 931250 912500 893750 875000 
				1081250 1068750 1050000 1037500 1018750 1000000 981250 962500 943750 925000 906250 887500 868750 850000 837500 812500 
				1006250 993750 975000 962500 943750 925000 906250 893750 875000 856250 843750 825000 806250 787500 775000 756250 
				950000 937500 918750 906250 893750 875000 856250 843750 825000 812500 793750 781250 762500 743750 731250 712500 
				893750 887500 868750 856250 843750 825000 812500 793750 781250 768750 750000 737500 718750 706250 693750 675000 
				862500 856250 843750 831250 812500 800000 787500 768750 756250 743750 725000 712500 693750 681250 668750 656250 
				837500 831250 818750 806250 787500 775000 762500 743750 731250 718750 706250 693750 675000 662500 650000 637500 
				806250 800000 787500 775000 762500 750000 731250 718750 706250 693750 681250 668750 650000 637500 625000 618750 
				781250 775000 762500 750000 737500 725000 706250 693750 681250 668750 656250 643750 631250 618750 606250 600000 
				743750 737500 725000 712500 700000 687500 675000 662500 650000 637500 625000 618750 612500 606250 600000 600000 
			[TABLE VERSION] : 2
			[BOOT LEVEL IDX] : 6
			[RESUME LEVEL IDX] : 6
				[TABLE]
				0 0 0 0 0 0 0 0 0 0 0 0 0 0 0 0 
				0 0 0 0 0 0 0 0 0 0 0 0 0 0 0 0 
				1262500 1250000 1225000 1206250 1187500 1162500 1143750 1118750 1100000 1081250 1056250 1037500 1012500 993750 975000 950000 
				1175000 1162500 1143750 1125000 1106250 1081250 1062500 1043750 1025000 1006250 987500 962500 943750 925000 906250 887500 
				1056250 1043750 1025000 1006250 993750 975000 956250 937500 918750 900000 881250 862500 843750 831250 812500 793750 
				968750 956250 943750 925000 906250 893750 875000 856250 843750 825000 806250 793750 775000 756250 743750 725000 
				906250 893750 881250 862500 850000 831250 818750 800000 787500 768750 756250 737500 718750 706250 693750 675000 
				868750 856250 843750 825000 812500 800000 781250 768750 750000 737500 725000 706250 687500 675000 662500 643750 
				831250 825000 812500 793750 781250 768750 750000 737500 718750 706250 693750 675000 662500 650000 631250 618750 
				793750 787500 775000 756250 743750 731250 718750 700000 687500 675000 662500 643750 631250 625000 612500 606250 
				762500 756250 743750 725000 712500 700000 687500 668750 656250 643750 631250 618750 600000 600000 600000 600000 
				718750 712500 700000 681250 668750 656250 643750 631250 625000 618750 612500 606250 600000 600000 600000 600000 
			[TABLE VERSION] : 3
			[BOOT LEVEL IDX] : 6
			[RESUME LEVEL IDX] : 6
				[TABLE]
				0 0 0 0 0 0 0 0 0 0 0 0 0 0 0 0 
				0 0 0 0 0 0 0 0 0 0 0 0 0 0 0 0 
				1200000 1200000 1200000 1200000 1200000 1181250 1156250 1137500 1118750 1093750 1075000 1050000 1025000 1006250 987500 962500 
				1200000 1187500 1162500 1143750 1125000 1106250 1081250 1062500 1043750 1025000 1000000 981250 962500 937500 918750 900000 
				1056250 1043750 1025000 1006250 987500 968750 956250 937500 918750 900000 881250 862500 843750 825000 812500 793750 
				968750 956250 943750 925000 912500 893750 875000 856250 843750 825000 812500 793750 775000 762500 743750 725000 
				912500 900000 887500 868750 856250 837500 825000 806250 793750 781250 762500 743750 731250 712500 700000 687500 
				887500 875000 862500 843750 831250 812500 800000 781250 768750 756250 737500 725000 706250 693750 681250 662500 
				862500 850000 837500 825000 806250 793750 775000 762500 750000 737500 718750 706250 687500 675000 662500 643750 
				831250 818750 806250 793750 781250 768750 750000 737500 725000 712500 693750 681250 662500 650000 637500 625000 
				806250 793750 781250 768750 756250 743750 725000 712500 700000 687500 675000 656250 643750 631250 618750 606250 
				750000 743750 731250 718750 706250 693750 681250 668750 656250 643750 631250 612500 606250 600000 593750 587500 
			[TABLE VERSION] : 4
			[BOOT LEVEL IDX] : 6
			[RESUME LEVEL IDX] : 6
				[TABLE]
				0 0 0 0 0 0 0 0 0 0 0 0 0 0 0 0 
				0 0 0 0 0 0 0 0 0 0 0 0 0 0 0 0 
				1200000 1200000 1200000 1200000 1200000 1181250 1156250 1137500 1118750 1093750 1075000 1050000 1025000 1006250 987500 962500 
				1200000 1187500 1162500 1143750 1125000 1106250 1081250 1062500 1043750 1025000 1000000 981250 962500 937500 918750 900000 
				1056250 1043750 1025000 1006250 987500 968750 956250 937500 918750 900000 881250 862500 843750 825000 812500 793750 
				968750 956250 943750 925000 912500 893750 875000 856250 843750 825000 812500 793750 775000 762500 743750 725000 
				912500 900000 887500 868750 856250 837500 825000 806250 793750 781250 762500 743750 731250 712500 700000 687500 
				887500 881250 862500 850000 831250 818750 800000 787500 775000 756250 743750 725000 712500 693750 681250 668750 
				862500 850000 837500 825000 806250 793750 775000 762500 750000 737500 718750 706250 687500 675000 662500 643750 
				831250 825000 812500 793750 781250 768750 750000 737500 725000 712500 693750 681250 668750 656250 637500 625000 
				806250 793750 781250 768750 756250 743750 725000 712500 700000 687500 675000 656250 643750 631250 618750 606250 
				756250 750000 737500 725000 712500 700000 681250 668750 656250 643750 631250 618750 606250 593750 581250 575000 
			[TABLE VERSION] : 5
			[BOOT LEVEL IDX] : 6
			[RESUME LEVEL IDX] : 6
				[TABLE]
				0 0 0 0 0 0 0 0 0 0 0 0 0 0 0 0 
				0 0 0 0 0 0 0 0 0 0 0 0 0 0 0 0 
				1200000 1200000 1200000 1200000 1200000 1181250 1156250 1137500 1118750 1093750 1075000 1050000 1025000 1006250 987500 962500 
				1143750 1137500 1118750 1106250 1087500 1075000 1056250 1037500 1025000 1006250 993750 975000 962500 943750 931250 912500 
				1025000 1018750 1006250 993750 975000 962500 950000 937500 925000 906250 893750 881250 868750 856250 843750 825000 
				906250 900000 887500 875000 868750 856250 843750 831250 825000 812500 800000 787500 775000 762500 756250 743750 
				843750 837500 831250 818750 806250 800000 787500 775000 762500 756250 743750 731250 725000 712500 700000 693750 
				806250 800000 793750 781250 775000 762500 756250 743750 737500 725000 718750 706250 700000 687500 681250 668750 
				775000 768750 762500 750000 743750 737500 725000 718750 712500 700000 693750 687500 675000 668750 662500 650000 
				743750 737500 731250 725000 712500 706250 700000 687500 681250 675000 668750 656250 650000 643750 631250 625000 
				712500 706250 700000 687500 681250 675000 668750 656250 650000 643750 631250 625000 618750 606250 600000 593750 
				668750 662500 656250 650000 643750 637500 631250 618750 612500 606250 600000 593750 587500 581250 575000 575000 
			[TABLE VERSION] : 6
			[BOOT LEVEL IDX] : 6
			[RESUME LEVEL IDX] : 6
				[TABLE]
				0 0 0 0 0 0 0 0 0 0 0 0 0 0 0 0 
				0 0 0 0 0 0 0 0 0 0 0 0 0 0 0 0 
				1200000 1200000 1200000 1200000 1200000 1181250 1156250 1137500 1118750 1093750 1075000 1050000 1025000 1006250 987500 962500 
				1143750 1137500 1118750 1106250 1087500 1075000 1056250 1037500 1025000 1006250 993750 975000 962500 943750 931250 912500 
				1025000 1018750 1006250 993750 975000 962500 950000 937500 925000 906250 893750 881250 868750 856250 843750 825000 
				906250 900000 887500 875000 868750 856250 843750 831250 825000 812500 800000 787500 775000 762500 756250 743750 
				843750 837500 831250 818750 806250 800000 787500 775000 762500 756250 743750 731250 725000 712500 700000 693750 
				806250 800000 793750 781250 775000 762500 756250 743750 737500 725000 718750 706250 700000 687500 681250 668750 
				775000 768750 762500 750000 743750 737500 725000 718750 712500 700000 693750 687500 675000 668750 662500 650000 
				743750 737500 731250 725000 712500 706250 700000 687500 681250 675000 668750 656250 650000 643750 631250 625000 
				712500 706250 700000 687500 681250 675000 668750 656250 650000 643750 631250 625000 618750 606250 600000 593750 
				668750 662500 656250 650000 643750 637500 631250 618750 612500 606250 600000 593750 587500 581250 575000 575000 
			[TABLE VERSION] : 7
			[BOOT LEVEL IDX] : 6
			[RESUME LEVEL IDX] : 6
				[TABLE]
				1200000 1200000 1200000 1200000 1200000 1181250 1156250 1137500 1118750 1093750 1075000 1050000 1025000 1006250 987500 962500 
				1200000 1200000 1200000 1200000 1200000 1181250 1156250 1137500 1118750 1093750 1075000 1050000 1025000 1006250 987500 962500 
				1200000 1200000 1200000 1200000 1200000 1181250 1156250 1137500 1118750 1093750 1075000 1050000 1025000 1006250 987500 962500 
				1168750 1162500 1143750 1131250 1112500 1100000 1081250 1062500 1050000 1031250 1018750 1000000 987500 968750 956250 937500 
				1025000 1018750 1006250 993750 975000 962500 950000 937500 925000 906250 893750 881250 868750 856250 843750 825000 
				906250 900000 887500 875000 868750 856250 843750 831250 825000 812500 800000 787500 775000 762500 756250 743750 
				843750 837500 831250 818750 806250 800000 787500 775000 762500 756250 743750 731250 725000 712500 700000 693750 
				806250 800000 793750 781250 775000 762500 756250 743750 737500 725000 718750 706250 700000 687500 681250 668750 
				768750 768750 756250 750000 737500 731250 718750 712500 706250 700000 693750 687500 675000 668750 662500 650000 
				731250 731250 718750 712500 700000 693750 687500 675000 668750 662500 656250 656250 650000 643750 631250 625000 
				693750 687500 681250 675000 668750 662500 650000 643750 637500 631250 631250 625000 618750 606250 600000 593750 
				668750 668750 662500 650000 643750 637500 625000 618750 612500 606250 600000 593750 587500 581250 575000 575000 
			[TABLE VERSION] : 8
			[BOOT LEVEL IDX] : 6
			[RESUME LEVEL IDX] : 6
				[TABLE]
				1200000 1200000 1200000 1200000 1200000 1181250 1156250 1137500 1118750 1093750 1075000 1050000 1025000 1006250 987500 962500 
				1200000 1200000 1200000 1200000 1200000 1181250 1156250 1137500 1118750 1093750 1075000 1050000 1025000 1006250 987500 962500 
				1200000 1200000 1200000 1200000 1200000 1181250 1156250 1137500 1118750 1093750 1075000 1050000 1025000 1006250 987500 962500 
				1168750 1162500 1143750 1131250 1112500 1100000 1081250 1062500 1050000 1031250 1018750 1000000 987500 968750 956250 937500 
				1025000 1018750 1006250 993750 975000 962500 950000 937500 925000 906250 893750 881250 868750 856250 843750 825000 
				906250 900000 887500 875000 868750 856250 843750 831250 825000 812500 800000 787500 775000 762500 756250 743750 
				843750 837500 831250 818750 806250 800000 787500 775000 762500 756250 743750 731250 725000 712500 700000 693750 
				806250 800000 793750 781250 775000 762500 756250 743750 737500 725000 718750 706250 700000 687500 681250 668750 
				768750 768750 756250 750000 737500 731250 718750 712500 706250 700000 693750 687500 675000 668750 662500 650000 
				731250 731250 718750 712500 700000 693750 687500 675000 668750 662500 656250 656250 650000 643750 631250 625000 
				693750 687500 681250 675000 668750 662500 650000 643750 637500 631250 631250 625000 618750 606250 600000 593750 
				668750 668750 662500 650000 643750 637500 625000 618750 612500 606250 600000 593750 587500 581250 575000 575000 
		[DOMAIN NAME] : dvfs_g3d
		[NUM OF ASV GROUP] : 16
		[NUM OF LEVEL] : 9
			[FREQUENCY] : 839
			[FREQUENCY] : 764
			[FREQUENCY] : 683
			[FREQUENCY] : 572
			[FREQUENCY] : 546
			[FREQUENCY] : 455
			[FREQUENCY] : 385
			[FREQUENCY] : 338
			[FREQUENCY] : 260
		[NUM OF TABLE] : 8
			[TABLE VERSION] : 1
			[BOOT LEVEL IDX] : 8
			[RESUME LEVEL IDX] : 8
				[TABLE]
				793750 0 0 0 0 0 0 0 0 0 0 0 0 0 0 0 
				781250 0 0 0 0 0 0 0 0 0 0 0 0 0 0 0 
				768750 0 0 0 0 0 0 0 0 0 0 0 0 0 0 0 
				731250 725000 712500 700000 693750 681250 668750 656250 643750 637500 625000 612500 600000 600000 600000 600000 
				737500 731250 725000 712500 700000 687500 675000 662500 650000 643750 631250 618750 606250 600000 600000 600000 
				731250 725000 718750 706250 693750 681250 668750 656250 643750 637500 625000 612500 600000 593750 593750 593750 
				731250 725000 718750 706250 693750 681250 668750 656250 643750 637500 625000 612500 600000 593750 593750 593750 
				725000 718750 712500 700000 687500 675000 662500 650000 637500 631250 618750 606250 593750 587500 587500 587500 
				718750 712500 706250 693750 681250 668750 656250 643750 631250 625000 612500 600000 587500 581250 581250 581250 
			[TABLE VERSION] : 2
			[BOOT LEVEL IDX] : 8
			[RESUME LEVEL IDX] : 8
				[TABLE]
				0 0 0 0 0 0 0 0 0 0 0 0 0 0 0 0 
				0 0 0 0 0 0 0 0 0 0 0 0 0 0 0 0 
				0 0 0 0 0 0 0 0 0 0 0 0 0 0 0 0 
				0 0 0 0 0 0 0 0 0 0 0 0 0 0 0 0 
				768750 762500 756250 743750 737500 731250 718750 712500 706250 693750 687500 675000 668750 662500 650000 643750 
				762500 756250 750000 737500 731250 725000 712500 706250 700000 687500 681250 668750 662500 656250 643750 637500 
				762500 756250 750000 737500 731250 725000 712500 706250 700000 687500 681250 668750 662500 656250 643750 637500 
				756250 750000 743750 731250 725000 718750 706250 700000 693750 681250 675000 662500 656250 650000 637500 631250 
				750000 743750 737500 725000 718750 712500 700000 693750 687500 675000 668750 656250 650000 643750 631250 625000 
			[TABLE VERSION] : 3
			[BOOT LEVEL IDX] : 8
			[RESUME LEVEL IDX] : 8
				[TABLE]
				0 0 0 0 0 0 0 0 0 0 0 0 0 0 0 0 
				0 0 0 0 0 0 0 0 0 0 0 0 0 0 0 0 
				0 0 0 0 0 0 0 0 0 0 0 0 0 0 0 0 
				725000 725000 712500 706250 693750 687500 675000 668750 662500 650000 643750 631250 625000 612500 606250 593750 
				718750 712500 706250 693750 687500 675000 668750 656250 650000 643750 631250 625000 612500 606250 593750 587500 
				687500 681250 675000 662500 656250 650000 637500 631250 618750 612500 606250 593750 587500 581250 575000 575000 
				687500 681250 675000 662500 656250 650000 637500 631250 618750 612500 606250 593750 587500 581250 575000 575000 
				656250 656250 643750 637500 631250 618750 612500 606250 593750 587500 581250 575000 575000 575000 575000 575000 
				643750 643750 631250 625000 618750 606250 600000 593750 587500 575000 575000 575000 575000 575000 575000 575000 
			[TABLE VERSION] : 4
			[BOOT LEVEL IDX] : 8
			[RESUME LEVEL IDX] : 8
				[TABLE]
				0 0 0 0 0 0 0 0 0 0 0 0 0 0 0 0 
				0 0 0 0 0 0 0 0 0 0 0 0 0 0 0 0 
				0 0 0 0 0 0 0 0 0 0 0 0 0 0 0 0 
				725000 725000 712500 706250 693750 687500 675000 668750 662500 650000 643750 631250 625000 612500 606250 593750 
				718750 712500 706250 693750 687500 675000 668750 656250 650000 643750 631250 625000 612500 606250 593750 587500 
				687500 681250 675000 662500 656250 650000 637500 631250 618750 612500 606250 593750 587500 581250 575000 575000 
				687500 681250 675000 662500 656250 650000 637500 631250 618750 612500 606250 593750 587500 581250 575000 575000 
				656250 656250 643750 637500 631250 618750 612500 606250 593750 587500 581250 575000 575000 575000 575000 575000 
				643750 643750 631250 625000 618750 606250 600000 593750 587500 575000 575000 575000 575000 575000 575000 575000 
			[TABLE VERSION] : 5
			[BOOT LEVEL IDX] : 8
			[RESUME LEVEL IDX] : 8
				[TABLE]
				0 0 0 0 0 0 0 0 0 0 0 0 0 0 0 0 
				0 0 0 0 0 0 0 0 0 0 0 0 0 0 0 0 
				0 0 0 0 0 0 0 0 0 0 0 0 0 0 0 0 
				743750 737500 718750 693750 681250 668750 656250 637500 631250 625000 618750 606250 600000 593750 587500 575000 
				731250 725000 706250 687500 668750 656250 643750 631250 625000 612500 606250 600000 593750 587500 575000 575000 
				718750 712500 693750 675000 656250 643750 631250 618750 593750 587500 581250 575000 575000 575000 575000 575000 
				718750 712500 693750 675000 656250 643750 631250 618750 593750 587500 581250 575000 575000 575000 575000 575000 
				712500 706250 681250 662500 650000 631250 618750 606250 593750 587500 581250 575000 575000 575000 575000 575000 
				700000 693750 668750 650000 637500 618750 606250 593750 587500 575000 575000 575000 575000 575000 575000 575000 
			[TABLE VERSION] : 6
			[BOOT LEVEL IDX] : 8
			[RESUME LEVEL IDX] : 8
				[TABLE]
				0 0 0 0 0 0 0 0 0 0 0 0 0 0 0 0 
				0 0 0 0 0 0 0 0 0 0 0 0 0 0 0 0 
				0 0 0 0 0 0 0 0 0 0 0 0 0 0 0 0 
				743750 737500 718750 693750 681250 668750 656250 637500 631250 625000 618750 606250 600000 593750 587500 575000 
				731250 725000 706250 687500 668750 656250 643750 631250 625000 612500 606250 600000 593750 587500 575000 575000 
				718750 712500 693750 675000 656250 643750 631250 618750 593750 587500 581250 575000 575000 575000 575000 575000 
				718750 712500 693750 675000 656250 643750 631250 618750 593750 587500 581250 575000 575000 575000 575000 575000 
				712500 706250 681250 662500 650000 631250 618750 606250 593750 587500 581250 575000 575000 575000 575000 575000 
				700000 693750 668750 650000 637500 618750 606250 593750 587500 575000 575000 575000 575000 575000 575000 575000 
			[TABLE VERSION] : 7
			[BOOT LEVEL IDX] : 8
			[RESUME LEVEL IDX] : 8
				[TABLE]
				0 0 0 0 0 0 0 0 0 0 0 0 0 0 0 0 
				0 0 0 0 0 0 0 0 0 0 0 0 0 0 0 0 
				0 0 0 0 0 0 0 0 0 0 0 0 0 0 0 0 
				743750 737500 718750 693750 681250 668750 656250 637500 631250 625000 618750 606250 600000 593750 587500 575000 
				737500 731250 712500 693750 668750 656250 643750 631250 625000 612500 606250 600000 593750 587500 575000 575000 
				725000 718750 700000 681250 656250 643750 631250 618750 593750 587500 581250 575000 575000 575000 575000 575000 
				725000 718750 700000 681250 656250 643750 631250 618750 593750 587500 581250 575000 575000 575000 575000 575000 
				725000 718750 700000 681250 656250 643750 631250 618750 593750 587500 581250 575000 575000 575000 575000 575000 
				725000 718750 700000 681250 656250 643750 631250 618750 593750 587500 581250 575000 575000 575000 575000 575000 
			[TABLE VERSION] : 8
			[BOOT LEVEL IDX] : 8
			[RESUME LEVEL IDX] : 8
				[TABLE]
				0 0 0 0 0 0 0 0 0 0 0 0 0 0 0 0 
				0 0 0 0 0 0 0 0 0 0 0 0 0 0 0 0 
				0 0 0 0 0 0 0 0 0 0 0 0 0 0 0 0 
				743750 737500 718750 693750 681250 668750 656250 637500 631250 625000 618750 606250 600000 593750 587500 575000 
				737500 712500 706250 687500 662500 656250 643750 631250 625000 612500 606250 600000 593750 587500 575000 575000 
				725000 706250 693750 675000 650000 631250 618750 606250 581250 575000 568750 562500 562500 562500 562500 562500 
				725000 706250 693750 675000 643750 631250 612500 600000 575000 568750 562500 556250 556250 556250 556250 556250 
				725000 706250 693750 668750 637500 625000 606250 593750 568750 562500 556250 550000 550000 550000 550000 550000 
				725000 706250 693750 668750 637500 625000 606250 593750 568750 562500 556250 550000 550000 550000 550000 550000 
		[DOMAIN NAME] : dvfs_mif
		[NUM OF ASV GROUP] : 16
		[NUM OF LEVEL] : 12
			[FREQUENCY] : 2093
			[FREQUENCY] : 2002
			[FREQUENCY] : 1794
			[FREQUENCY] : 1540
			[FREQUENCY] : 1352
			[FREQUENCY] : 1014
			[FREQUENCY] : 845
			[FREQUENCY] : 676
			[FREQUENCY] : 546
			[FREQUENCY] : 421
			[FREQUENCY] : 286
			[FREQUENCY] : 208
		[NUM OF TABLE] : 8
			[TABLE VERSION] : 1
			[BOOT LEVEL IDX] : 2
			[RESUME LEVEL IDX] : 9
				[TABLE]
				918750 943750 937500 925000 912500 900000 887500 881250 868750 856250 843750 831250 825000 812500 800000 787500 
				906250 931250 918750 906250 893750 881250 875000 862500 850000 837500 825000 818750 806250 793750 781250 768750 
				893750 887500 875000 862500 856250 843750 831250 818750 812500 800000 787500 775000 762500 756250 743750 731250 
				862500 856250 843750 837500 825000 812500 800000 787500 781250 768750 756250 743750 731250 725000 712500 700000 
				837500 831250 825000 812500 800000 787500 781250 768750 756250 743750 731250 725000 712500 700000 687500 675000 
				800000 793750 781250 768750 756250 750000 737500 725000 712500 706250 693750 681250 668750 656250 650000 637500 
				781250 775000 762500 750000 737500 725000 718750 706250 693750 681250 668750 662500 650000 637500 625000 612500 
				756250 750000 737500 731250 718750 706250 693750 687500 675000 662500 650000 637500 631250 618750 606250 600000 
				700000 737500 725000 712500 700000 693750 681250 668750 656250 643750 637500 625000 612500 600000 600000 600000 
				725000 718750 712500 700000 687500 675000 662500 656250 643750 631250 618750 606250 600000 600000 600000 600000 
				712500 706250 693750 681250 668750 662500 650000 637500 625000 612500 606250 600000 600000 600000 600000 600000 
				700000 693750 681250 675000 662500 650000 637500 625000 618750 606250 600000 600000 600000 600000 600000 600000 
			[TABLE VERSION] : 2
			[BOOT LEVEL IDX] : 2
			[RESUME LEVEL IDX] : 9
				[TABLE]
				925000 0 0 0 0 0 0 0 0 0 0 0 0 0 0 0 
				912500 0 0 0 0 0 0 0 0 0 0 0 0 0 0 0 
				900000 887500 875000 856250 843750 831250 812500 800000 781250 768750 750000 737500 725000 706250 693750 675000 
				843750 837500 818750 800000 781250 762500 743750 731250 712500 693750 675000 656250 637500 625000 606250 600000 
				781250 775000 762500 743750 731250 712500 700000 687500 668750 656250 637500 625000 606250 600000 600000 600000 
				731250 725000 712500 700000 693750 681250 668750 656250 643750 631250 618750 612500 600000 600000 600000 600000 
				712500 706250 693750 681250 668750 656250 643750 637500 625000 612500 600000 600000 600000 600000 600000 600000 
				668750 662500 656250 643750 637500 625000 618750 612500 600000 600000 600000 600000 600000 600000 600000 600000 
				700000 637500 631250 625000 612500 606250 600000 600000 600000 600000 600000 600000 600000 600000 600000 600000 
				643750 637500 631250 625000 612500 606250 600000 600000 600000 600000 600000 600000 600000 600000 600000 600000 
				631250 631250 625000 618750 612500 606250 600000 600000 600000 600000 600000 600000 600000 600000 600000 600000 
				600000 600000 600000 600000 600000 600000 600000 600000 600000 600000 600000 600000 600000 600000 600000 600000 
			[TABLE VERSION] : 3
			[BOOT LEVEL IDX] : 2
			[RESUME LEVEL IDX] : 9
				[TABLE]
				925000 0 0 0 0 0 0 0 0 0 0 0 0 0 0 0 
				912500 0 0 0 0 0 0 0 0 0 0 0 0 0 0 0 
				906250 900000 887500 875000 868750 856250 843750 837500 825000 812500 806250 793750 781250 775000 762500 750000 
				806250 800000 793750 781250 775000 762500 756250 743750 737500 725000 718750 706250 700000 687500 681250 668750 
				768750 762500 756250 743750 737500 725000 718750 706250 700000 693750 681250 675000 662500 656250 650000 637500 
				712500 706250 700000 687500 681250 675000 662500 656250 650000 637500 631250 625000 612500 606250 600000 587500 
				687500 687500 675000 668750 662500 656250 643750 637500 631250 618750 612500 606250 600000 587500 581250 575000 
				675000 668750 662500 650000 643750 637500 631250 618750 612500 606250 600000 587500 581250 575000 575000 575000 
				700000 656250 650000 643750 637500 625000 618750 612500 606250 600000 587500 581250 575000 575000 575000 575000 
				656250 650000 643750 637500 631250 618750 612500 606250 600000 587500 581250 575000 575000 575000 575000 575000 
				650000 643750 637500 631250 625000 612500 606250 600000 593750 587500 575000 575000 575000 575000 575000 575000 
				650000 643750 637500 631250 618750 612500 606250 600000 593750 581250 575000 575000 575000 575000 575000 575000 
			[TABLE VERSION] : 4
			[BOOT LEVEL IDX] : 2
			[RESUME LEVEL IDX] : 9
				[TABLE]
				925000 0 0 0 0 0 0 0 0 0 0 0 0 0 0 0 
				912500 0 0 0 0 0 0 0 0 0 0 0 0 0 0 0 
				906250 900000 887500 875000 868750 856250 843750 837500 825000 812500 806250 793750 781250 775000 762500 750000 
				806250 800000 793750 781250 775000 762500 756250 743750 737500 725000 718750 706250 700000 687500 681250 668750 
				768750 762500 756250 743750 737500 725000 718750 706250 700000 693750 681250 675000 662500 656250 650000 637500 
				712500 706250 700000 687500 681250 675000 662500 656250 650000 637500 631250 625000 612500 606250 600000 587500 
				687500 687500 675000 668750 662500 656250 643750 637500 631250 618750 612500 606250 600000 587500 581250 575000 
				675000 668750 662500 650000 643750 637500 631250 618750 612500 606250 600000 587500 581250 575000 575000 575000 
				700000 656250 650000 643750 637500 625000 618750 612500 606250 600000 587500 581250 575000 575000 575000 575000 
				656250 650000 643750 637500 631250 618750 612500 606250 600000 587500 581250 575000 575000 575000 575000 575000 
				650000 643750 637500 631250 625000 612500 606250 600000 593750 587500 575000 575000 575000 575000 575000 575000 
				650000 643750 637500 631250 618750 612500 606250 600000 593750 581250 575000 575000 575000 575000 575000 575000 
			[TABLE VERSION] : 5
			[BOOT LEVEL IDX] : 2
			[RESUME LEVEL IDX] : 9
				[TABLE]
				925000 0 0 0 0 0 0 0 0 0 0 0 0 0 0 0 
				912500 0 0 0 0 0 0 0 0 0 0 0 0 0 0 0 
				856250 850000 837500 825000 812500 800000 787500 775000 762500 750000 737500 725000 706250 693750 681250 668750 
				793750 787500 775000 762500 756250 743750 731250 718750 712500 700000 687500 681250 668750 656250 643750 637500 
				743750 743750 731250 725000 712500 706250 693750 687500 675000 668750 656250 650000 637500 631250 618750 612500 
				687500 681250 675000 668750 662500 656250 650000 643750 637500 625000 618750 612500 606250 600000 593750 587500 
				687500 681250 668750 662500 650000 637500 625000 612500 606250 593750 581250 575000 575000 575000 575000 575000 
				668750 662500 656250 643750 631250 625000 612500 600000 593750 581250 575000 575000 575000 575000 575000 575000 
				700000 656250 650000 637500 625000 618750 606250 593750 587500 575000 575000 575000 575000 575000 575000 575000 
				643750 643750 631250 625000 618750 606250 600000 593750 581250 575000 575000 575000 575000 575000 575000 575000 
				631250 631250 625000 612500 606250 600000 593750 587500 581250 575000 575000 575000 575000 575000 575000 575000 
				631250 631250 625000 612500 606250 600000 593750 587500 581250 575000 575000 575000 575000 575000 575000 575000 
			[TABLE VERSION] : 6
			[BOOT LEVEL IDX] : 2
			[RESUME LEVEL IDX] : 9
				[TABLE]
				925000 0 0 0 0 0 0 0 0 0 0 0 0 0 0 0 
				912500 0 0 0 0 0 0 0 0 0 0 0 0 0 0 0 
				856250 850000 837500 825000 812500 800000 787500 775000 762500 750000 737500 725000 706250 693750 681250 668750 
				793750 787500 775000 762500 756250 743750 731250 718750 712500 700000 687500 681250 668750 656250 643750 637500 
				743750 743750 731250 725000 712500 706250 693750 687500 675000 668750 656250 650000 637500 631250 618750 612500 
				687500 681250 675000 668750 662500 656250 650000 643750 637500 625000 618750 612500 606250 600000 593750 587500 
				687500 681250 668750 662500 650000 637500 625000 612500 606250 593750 581250 575000 575000 575000 575000 575000 
				668750 662500 656250 643750 631250 625000 612500 600000 593750 581250 575000 575000 575000 575000 575000 575000 
				700000 656250 650000 637500 625000 618750 606250 593750 587500 575000 575000 575000 575000 575000 575000 575000 
				643750 643750 631250 625000 618750 606250 600000 593750 581250 575000 575000 575000 575000 575000 575000 575000 
				631250 631250 625000 612500 606250 600000 593750 587500 581250 575000 575000 575000 575000 575000 575000 575000 
				631250 631250 625000 612500 606250 600000 593750 587500 581250 575000 575000 575000 575000 575000 575000 575000 
			[TABLE VERSION] : 7
			[BOOT LEVEL IDX] : 2
			[RESUME LEVEL IDX] : 9
				[TABLE]
				925000 0 0 0 0 0 0 0 0 0 0 0 0 0 0 0 
				912500 0 0 0 0 0 0 0 0 0 0 0 0 0 0 0 
				837500 831250 818750 806250 800000 787500 775000 775000 762500 750000 737500 725000 706250 693750 681250 668750 
				775000 768750 762500 750000 743750 737500 725000 718750 712500 700000 687500 681250 668750 656250 643750 637500 
				743750 743750 731250 725000 712500 706250 693750 687500 675000 668750 656250 650000 637500 631250 618750 612500 
				693750 687500 681250 675000 662500 656250 650000 643750 637500 625000 618750 612500 606250 600000 593750 587500 
				687500 681250 668750 662500 650000 637500 625000 612500 606250 593750 581250 575000 575000 575000 575000 575000 
				668750 662500 656250 643750 631250 625000 612500 600000 593750 581250 575000 575000 575000 575000 575000 575000 
				700000 656250 643750 631250 625000 612500 600000 593750 587500 575000 575000 575000 575000 575000 575000 575000 
				618750 618750 612500 606250 600000 593750 593750 593750 581250 575000 575000 575000 575000 575000 575000 575000 
				612500 612500 606250 600000 593750 593750 587500 587500 581250 575000 575000 575000 575000 575000 575000 575000 
				612500 612500 606250 600000 593750 593750 587500 587500 581250 575000 575000 575000 575000 575000 575000 575000 
			[TABLE VERSION] : 8
			[BOOT LEVEL IDX] : 2
			[RESUME LEVEL IDX] : 9
				[TABLE]
				925000 0 0 0 0 0 0 0 0 0 0 0 0 0 0 0 
				912500 0 0 0 0 0 0 0 0 0 0 0 0 0 0 0 
				837500 831250 818750 806250 800000 787500 775000 775000 762500 750000 737500 725000 706250 693750 681250 668750 
				775000 768750 762500 750000 743750 737500 725000 718750 712500 700000 687500 681250 668750 656250 643750 637500 
				743750 743750 731250 725000 712500 706250 693750 687500 675000 668750 656250 650000 637500 631250 618750 612500 
				693750 687500 681250 675000 662500 656250 650000 643750 637500 625000 618750 612500 606250 600000 593750 587500 
				687500 681250 668750 662500 650000 637500 625000 612500 606250 593750 581250 575000 575000 575000 575000 575000 
				668750 662500 656250 643750 631250 625000 612500 600000 593750 581250 575000 575000 575000 575000 575000 575000 
				700000 656250 643750 631250 625000 612500 600000 593750 587500 575000 575000 575000 575000 575000 575000 575000 
				618750 618750 612500 606250 600000 593750 593750 593750 581250 575000 575000 575000 575000 575000 575000 575000 
				612500 612500 606250 600000 593750 593750 587500 587500 581250 575000 575000 575000 575000 575000 575000 575000 
				612500 612500 606250 600000 593750 593750 587500 587500 581250 575000 575000 575000 575000 575000 575000 575000 
		[DOMAIN NAME] : dvfs_int
		[NUM OF ASV GROUP] : 16
		[NUM OF LEVEL] : 7
			[FREQUENCY] : 667
			[FREQUENCY] : 533
			[FREQUENCY] : 400
			[FREQUENCY] : 333
			[FREQUENCY] : 267
			[FREQUENCY] : 178
			[FREQUENCY] : 107
		[NUM OF TABLE] : 8
			[TABLE VERSION] : 1
			[BOOT LEVEL IDX] : 2
			[RESUME LEVEL IDX] : 6
				[TABLE]
				950000 950000 950000 950000 950000 937500 925000 918750 906250 893750 881250 875000 862500 850000 837500 825000 
				906250 900000 887500 881250 868750 856250 843750 837500 825000 812500 800000 787500 781250 768750 756250 743750 
				906250 900000 887500 881250 868750 856250 843750 837500 825000 812500 800000 787500 781250 768750 756250 743750 
				850000 843750 831250 818750 812500 800000 787500 775000 768750 756250 743750 731250 718750 712500 700000 687500 
				825000 818750 806250 793750 787500 775000 762500 750000 743750 731250 718750 706250 693750 687500 675000 662500 
				787500 781250 768750 756250 743750 731250 725000 712500 700000 687500 681250 668750 656250 643750 631250 618750 
				675000 668750 656250 643750 631250 625000 612500 600000 600000 600000 600000 600000 600000 600000 600000 600000 
			[TABLE VERSION] : 2
			[BOOT LEVEL IDX] : 2
			[RESUME LEVEL IDX] : 6
				[TABLE]
				831250 825000 818750 812500 806250 800000 793750 787500 781250 775000 762500 756250 750000 743750 737500 731250 
				818750 812500 806250 800000 793750 787500 781250 775000 768750 762500 750000 743750 737500 731250 725000 718750 
				818750 812500 806250 800000 793750 787500 781250 775000 768750 762500 750000 743750 737500 731250 725000 718750 
				700000 700000 693750 687500 681250 675000 668750 668750 662500 656250 650000 643750 637500 631250 625000 625000 
				675000 675000 668750 662500 656250 650000 643750 643750 637500 631250 625000 618750 612500 606250 600000 600000 
				650000 643750 637500 625000 618750 612500 606250 600000 600000 600000 600000 600000 600000 600000 600000 600000 
				650000 643750 631250 618750 612500 600000 600000 600000 600000 600000 600000 600000 600000 600000 600000 600000 
			[TABLE VERSION] : 3
			[BOOT LEVEL IDX] : 2
			[RESUME LEVEL IDX] : 6
				[TABLE]
				887500 881250 868750 862500 850000 837500 831250 818750 806250 800000 787500 781250 768750 756250 750000 737500 
				868750 868750 856250 843750 837500 825000 812500 806250 793750 787500 775000 762500 756250 743750 737500 725000 
				868750 868750 856250 843750 837500 825000 812500 806250 793750 787500 775000 762500 756250 743750 737500 725000 
				781250 775000 768750 756250 750000 737500 731250 725000 712500 706250 693750 687500 681250 668750 662500 650000 
				756250 750000 743750 731250 725000 712500 706250 700000 687500 681250 668750 662500 656250 643750 637500 625000 
				687500 681250 675000 668750 662500 650000 643750 637500 625000 618750 612500 606250 593750 587500 581250 575000 
				662500 656250 650000 643750 637500 631250 618750 612500 606250 600000 587500 581250 575000 575000 575000 575000 
			[TABLE VERSION] : 4
			[BOOT LEVEL IDX] : 2
			[RESUME LEVEL IDX] : 6
				[TABLE]
				887500 881250 868750 862500 850000 837500 831250 818750 806250 800000 787500 781250 768750 756250 750000 737500 
				868750 868750 856250 843750 837500 825000 812500 806250 793750 787500 775000 762500 756250 743750 737500 725000 
				756250 750000 743750 731250 725000 712500 706250 700000 687500 681250 668750 662500 656250 643750 637500 625000 
				712500 706250 700000 693750 687500 675000 668750 662500 650000 643750 637500 631250 618750 612500 606250 600000 
				687500 681250 675000 668750 662500 650000 643750 637500 625000 618750 612500 606250 593750 587500 581250 575000 
				662500 656250 650000 643750 637500 631250 618750 612500 606250 600000 587500 581250 575000 575000 575000 575000 
				656250 650000 643750 631250 625000 618750 612500 606250 593750 587500 581250 575000 575000 575000 575000 575000 
			[TABLE VERSION] : 5
			[BOOT LEVEL IDX] : 2
			[RESUME LEVEL IDX] : 6
				[TABLE]
				906250 900000 881250 862500 850000 831250 812500 793750 781250 762500 743750 725000 706250 693750 675000 656250 
				887500 875000 862500 843750 825000 812500 793750 775000 756250 743750 725000 706250 693750 675000 656250 637500 
				725000 718750 712500 700000 687500 675000 662500 656250 643750 631250 618750 612500 600000 587500 575000 575000 
				631250 631250 625000 625000 625000 618750 618750 618750 612500 612500 606250 606250 600000 587500 575000 575000 
				606250 606250 600000 600000 600000 593750 593750 593750 587500 587500 581250 581250 581250 575000 575000 575000 
				593750 587500 587500 587500 581250 581250 575000 575000 575000 575000 575000 575000 575000 575000 575000 575000 
				587500 587500 581250 581250 575000 575000 575000 575000 575000 575000 575000 575000 575000 575000 575000 575000 
			[TABLE VERSION] : 6
			[BOOT LEVEL IDX] : 2
			[RESUME LEVEL IDX] : 6
				[TABLE]
				906250 900000 881250 862500 850000 831250 812500 793750 781250 762500 743750 725000 706250 693750 675000 656250 
				887500 875000 862500 843750 825000 812500 793750 775000 756250 743750 725000 706250 693750 675000 656250 637500 
				725000 718750 712500 700000 687500 675000 662500 656250 643750 631250 618750 612500 600000 587500 575000 575000 
				631250 631250 625000 625000 625000 618750 618750 618750 612500 612500 606250 606250 600000 587500 575000 575000 
				606250 606250 600000 600000 600000 593750 593750 593750 587500 587500 581250 581250 581250 575000 575000 575000 
				593750 587500 587500 587500 581250 581250 575000 575000 575000 575000 575000 575000 575000 575000 575000 575000 
				587500 587500 581250 581250 575000 575000 575000 575000 575000 575000 575000 575000 575000 575000 575000 575000 
			[TABLE VERSION] : 7
			[BOOT LEVEL IDX] : 2
			[RESUME LEVEL IDX] : 6
				[TABLE]
				868750 862500 856250 843750 831250 825000 812500 793750 781250 762500 743750 725000 706250 693750 675000 656250 
				831250 825000 818750 812500 800000 793750 787500 775000 756250 743750 725000 706250 693750 675000 656250 637500 
				700000 700000 687500 681250 675000 668750 662500 656250 643750 631250 618750 612500 600000 587500 575000 575000 
				650000 643750 643750 637500 631250 625000 618750 618750 612500 612500 606250 606250 600000 587500 575000 575000 
				625000 618750 618750 612500 606250 600000 593750 593750 587500 587500 581250 581250 581250 575000 575000 575000 
				612500 612500 606250 600000 593750 593750 587500 575000 575000 575000 575000 575000 575000 575000 575000 575000 
				587500 587500 587500 587500 581250 581250 581250 575000 575000 575000 575000 575000 575000 575000 575000 575000 
			[TABLE VERSION] : 8
			[BOOT LEVEL IDX] : 2
			[RESUME LEVEL IDX] : 6
				[TABLE]
				868750 862500 856250 843750 831250 825000 812500 793750 781250 762500 743750 725000 706250 693750 675000 656250 
				831250 825000 818750 812500 800000 793750 787500 775000 756250 743750 725000 706250 693750 675000 656250 637500 
				700000 700000 687500 681250 675000 668750 662500 656250 643750 631250 618750 612500 600000 587500 575000 575000 
				650000 643750 643750 637500 631250 625000 618750 618750 612500 612500 606250 606250 600000 587500 575000 575000 
				625000 618750 618750 612500 606250 600000 593750 593750 587500 587500 581250 581250 581250 575000 575000 575000 
				612500 612500 606250 600000 593750 593750 587500 575000 575000 575000 575000 575000 575000 575000 575000 575000 
				587500 587500 587500 587500 581250 581250 581250 575000 575000 575000 575000 575000 575000 575000 575000 575000 
		[DOMAIN NAME] : dvfs_intcam
		[NUM OF ASV GROUP] : 16
		[NUM OF LEVEL] : 4
			[FREQUENCY] : 690
			[FREQUENCY] : 680
			[FREQUENCY] : 670
			[FREQUENCY] : 640
		[NUM OF TABLE] : 8
			[TABLE VERSION] : 1
			[BOOT LEVEL IDX] : 3
			[RESUME LEVEL IDX] : 3
				[TABLE]
				950000 793750 781250 775000 762500 750000 737500 731250 718750 706250 693750 687500 675000 662500 650000 637500 
				900000 768750 762500 750000 737500 725000 718750 706250 693750 681250 675000 662500 650000 637500 631250 618750 
				800000 725000 712500 706250 693750 681250 675000 662500 650000 637500 631250 618750 606250 600000 600000 600000 
				600000 600000 600000 600000 600000 600000 600000 600000 600000 600000 600000 600000 600000 600000 600000 600000 
			[TABLE VERSION] : 2
			[BOOT LEVEL IDX] : 3
			[RESUME LEVEL IDX] : 3
				[TABLE]
				950000 950000 950000 950000 950000 950000 950000 950000 950000 950000 950000 950000 950000 950000 950000 950000 
				900000 900000 900000 900000 900000 900000 900000 900000 900000 900000 900000 900000 900000 900000 900000 900000 
				800000 800000 800000 800000 800000 800000 800000 800000 800000 800000 800000 800000 800000 800000 800000 800000 
				600000 600000 600000 600000 600000 600000 600000 600000 600000 600000 600000 600000 600000 600000 600000 600000 
			[TABLE VERSION] : 3
			[BOOT LEVEL IDX] : 3
			[RESUME LEVEL IDX] : 3
				[TABLE]
				950000 950000 950000 950000 950000 950000 950000 950000 950000 950000 950000 950000 950000 950000 950000 950000 
				900000 900000 900000 900000 900000 900000 900000 900000 900000 900000 900000 900000 900000 900000 900000 900000 
				800000 800000 800000 800000 800000 800000 800000 800000 800000 800000 800000 800000 800000 800000 800000 800000 
				600000 600000 600000 600000 600000 600000 600000 600000 600000 600000 600000 600000 600000 600000 600000 600000 
			[TABLE VERSION] : 4
			[BOOT LEVEL IDX] : 3
			[RESUME LEVEL IDX] : 3
				[TABLE]
				881250 875000 856250 837500 825000 806250 787500 775000 756250 737500 725000 706250 687500 675000 656250 637500 
				875000 862500 843750 825000 806250 787500 768750 750000 725000 706250 687500 668750 650000 631250 612500 587500 
				843750 837500 818750 800000 781250 762500 743750 731250 712500 693750 675000 656250 637500 618750 600000 581250 
				656250 650000 643750 631250 625000 618750 612500 606250 593750 587500 581250 575000 575000 575000 575000 575000 
			[TABLE VERSION] : 5
			[BOOT LEVEL IDX] : 3
			[RESUME LEVEL IDX] : 3
				[TABLE]
				843750 837500 825000 812500 800000 793750 781250 768750 756250 743750 737500 725000 712500 700000 687500 681250 
				768750 762500 750000 737500 731250 718750 712500 700000 693750 681250 675000 662500 650000 643750 631250 625000 
				768750 762500 750000 737500 731250 718750 706250 693750 687500 675000 662500 656250 643750 631250 625000 612500 
				587500 587500 581250 581250 575000 575000 575000 575000 575000 575000 575000 575000 575000 575000 575000 575000 
			[TABLE VERSION] : 6
			[BOOT LEVEL IDX] : 3
			[RESUME LEVEL IDX] : 3
				[TABLE]
				843750 837500 825000 812500 800000 793750 781250 768750 756250 743750 737500 725000 712500 700000 687500 681250 
				768750 762500 750000 737500 731250 718750 712500 700000 693750 681250 675000 662500 650000 643750 631250 625000 
				768750 762500 750000 737500 731250 718750 706250 693750 687500 675000 662500 656250 643750 631250 625000 612500 
				587500 587500 581250 581250 575000 575000 575000 575000 575000 575000 575000 575000 575000 575000 575000 575000 
			[TABLE VERSION] : 7
			[BOOT LEVEL IDX] : 3
			[RESUME LEVEL IDX] : 3
				[TABLE]
				850000 850000 843750 837500 831250 825000 818750 818750 812500 806250 800000 793750 787500 781250 781250 775000 
				731250 725000 718750 712500 706250 706250 700000 693750 687500 681250 675000 668750 662500 656250 650000 643750 
				725000 718750 706250 693750 681250 675000 662500 650000 637500 631250 618750 606250 593750 581250 575000 575000 
				587500 587500 587500 587500 581250 581250 581250 575000 575000 575000 575000 575000 575000 575000 575000 575000 
			[TABLE VERSION] : 8
			[BOOT LEVEL IDX] : 3
			[RESUME LEVEL IDX] : 3
				[TABLE]
				850000 850000 843750 837500 831250 825000 818750 818750 812500 806250 800000 793750 787500 781250 781250 775000 
				731250 725000 718750 712500 706250 706250 700000 693750 687500 681250 675000 668750 662500 656250 650000 643750 
				725000 718750 706250 693750 681250 675000 662500 650000 637500 631250 618750 606250 593750 581250 575000 575000 
				587500 587500 587500 587500 581250 581250 581250 575000 575000 575000 575000 575000 575000 575000 575000 575000 
		[DOMAIN NAME] : dvfs_cam
		[NUM OF ASV GROUP] : 16
		[NUM OF LEVEL] : 7
			[FREQUENCY] : 690
			[FREQUENCY] : 680
			[FREQUENCY] : 670
			[FREQUENCY] : 660
			[FREQUENCY] : 650
			[FREQUENCY] : 640
			[FREQUENCY] : 630
		[NUM OF TABLE] : 8
			[TABLE VERSION] : 1
			[BOOT LEVEL IDX] : 6
			[RESUME LEVEL IDX] : 6
				[TABLE]
				950000 793750 781250 768750 756250 750000 737500 725000 712500 706250 693750 681250 668750 662500 650000 637500 
				900000 793750 781250 768750 756250 750000 737500 725000 712500 706250 693750 681250 668750 662500 650000 637500 
				900000 793750 781250 768750 756250 750000 737500 725000 712500 706250 693750 681250 668750 662500 650000 637500 
				850000 793750 781250 768750 756250 750000 737500 725000 712500 706250 693750 681250 668750 662500 650000 637500 
				850000 793750 781250 768750 756250 750000 737500 725000 712500 706250 693750 681250 668750 662500 650000 637500 
				850000 793750 781250 768750 756250 750000 737500 725000 712500 706250 693750 681250 668750 662500 650000 637500 
				600000 600000 600000 600000 600000 600000 600000 600000 600000 600000 600000 600000 600000 600000 600000 600000 
			[TABLE VERSION] : 2
			[BOOT LEVEL IDX] : 6
			[RESUME LEVEL IDX] : 6
				[TABLE]
				950000 950000 950000 950000 950000 950000 950000 950000 950000 950000 950000 950000 950000 950000 950000 950000 
				900000 900000 900000 900000 900000 900000 900000 900000 900000 900000 900000 900000 900000 900000 900000 900000 
				900000 900000 900000 900000 900000 900000 900000 900000 900000 900000 900000 900000 900000 900000 900000 900000 
				850000 850000 850000 850000 850000 850000 850000 850000 850000 850000 850000 850000 850000 850000 850000 850000 
				850000 850000 850000 850000 850000 850000 850000 850000 850000 850000 850000 850000 850000 850000 850000 850000 
				850000 850000 850000 850000 850000 850000 850000 850000 850000 850000 850000 850000 850000 850000 850000 850000 
				600000 600000 600000 600000 600000 600000 600000 600000 600000 600000 600000 600000 600000 600000 600000 600000 
			[TABLE VERSION] : 3
			[BOOT LEVEL IDX] : 6
			[RESUME LEVEL IDX] : 6
				[TABLE]
				950000 950000 950000 950000 950000 950000 950000 950000 950000 950000 950000 950000 950000 950000 950000 950000 
				900000 900000 900000 900000 900000 900000 900000 900000 900000 900000 900000 900000 900000 900000 900000 900000 
				900000 900000 900000 900000 900000 900000 900000 900000 900000 900000 900000 900000 900000 900000 900000 900000 
				850000 850000 850000 850000 850000 850000 850000 850000 850000 850000 850000 850000 850000 850000 850000 850000 
				850000 850000 850000 850000 850000 850000 850000 850000 850000 850000 850000 850000 850000 850000 850000 850000 
				850000 850000 850000 850000 850000 850000 850000 850000 850000 850000 850000 850000 850000 850000 850000 850000 
				600000 600000 600000 600000 600000 600000 600000 600000 600000 600000 600000 600000 600000 600000 600000 600000 
			[TABLE VERSION] : 4
			[BOOT LEVEL IDX] : 6
			[RESUME LEVEL IDX] : 6
				[TABLE]
				931250 925000 906250 887500 875000 856250 837500 825000 806250 787500 775000 756250 737500 725000 706250 687500 
				887500 881250 868750 850000 837500 818750 806250 787500 775000 762500 743750 731250 712500 700000 681250 668750 
				887500 881250 868750 850000 837500 818750 806250 787500 775000 762500 743750 731250 712500 700000 681250 668750 
				875000 868750 850000 837500 818750 806250 793750 775000 762500 743750 731250 712500 700000 681250 668750 650000 
				875000 868750 850000 837500 818750 806250 793750 775000 762500 743750 731250 712500 700000 681250 668750 650000 
				875000 868750 850000 837500 818750 806250 793750 775000 762500 743750 731250 712500 700000 681250 668750 650000 
				656250 656250 643750 637500 631250 625000 612500 606250 600000 593750 587500 575000 575000 575000 575000 575000 
			[TABLE VERSION] : 5
			[BOOT LEVEL IDX] : 6
			[RESUME LEVEL IDX] : 6
				[TABLE]
				875000 868750 856250 850000 837500 825000 812500 806250 793750 781250 768750 762500 750000 737500 731250 718750 
				875000 868750 856250 850000 837500 825000 812500 806250 793750 781250 768750 762500 750000 737500 731250 718750 
				825000 818750 806250 793750 787500 775000 762500 750000 743750 731250 718750 712500 700000 687500 681250 668750 
				825000 818750 806250 793750 787500 775000 762500 750000 743750 731250 718750 712500 700000 687500 681250 668750 
				825000 818750 806250 793750 787500 775000 762500 750000 743750 731250 718750 712500 700000 687500 681250 668750 
				825000 818750 806250 793750 787500 775000 762500 750000 743750 731250 718750 712500 700000 687500 675000 668750 
				612500 612500 606250 593750 587500 581250 575000 575000 575000 575000 575000 575000 575000 575000 575000 575000 
			[TABLE VERSION] : 6
			[BOOT LEVEL IDX] : 6
			[RESUME LEVEL IDX] : 6
				[TABLE]
				875000 868750 856250 850000 837500 825000 812500 806250 793750 781250 768750 762500 750000 737500 731250 718750 
				875000 868750 856250 850000 837500 825000 812500 806250 793750 781250 768750 762500 750000 737500 731250 718750 
				825000 818750 806250 793750 787500 775000 762500 750000 743750 731250 718750 712500 700000 687500 675000 668750 
				825000 818750 806250 793750 787500 775000 762500 750000 743750 731250 718750 712500 700000 687500 681250 668750 
				825000 818750 806250 793750 787500 775000 762500 750000 743750 731250 718750 712500 700000 687500 675000 668750 
				825000 818750 806250 793750 787500 775000 762500 750000 743750 731250 718750 712500 700000 687500 675000 668750 
				612500 612500 606250 593750 587500 581250 575000 575000 575000 575000 575000 575000 575000 575000 575000 575000 
			[TABLE VERSION] : 7
			[BOOT LEVEL IDX] : 6
			[RESUME LEVEL IDX] : 6
				[TABLE]
				856250 850000 843750 831250 825000 818750 806250 800000 793750 781250 775000 768750 762500 750000 743750 737500 
				856250 850000 843750 831250 825000 818750 806250 800000 793750 781250 775000 768750 762500 750000 743750 737500 
				812500 806250 800000 793750 787500 775000 768750 762500 756250 743750 737500 731250 725000 718750 706250 700000 
				793750 787500 775000 762500 750000 737500 725000 706250 693750 681250 668750 656250 643750 631250 618750 606250 
				793750 787500 775000 762500 750000 737500 725000 706250 693750 681250 668750 656250 643750 631250 618750 606250 
				612500 606250 593750 587500 581250 575000 575000 575000 575000 575000 575000 575000 575000 575000 575000 575000 
				593750 593750 587500 581250 575000 575000 575000 575000 575000 575000 575000 575000 575000 575000 575000 575000 
			[TABLE VERSION] : 8
			[BOOT LEVEL IDX] : 6
			[RESUME LEVEL IDX] : 6
				[TABLE]
				856250 850000 843750 831250 825000 818750 806250 800000 793750 781250 775000 768750 762500 750000 743750 737500 
				856250 850000 843750 831250 825000 818750 806250 800000 793750 781250 775000 768750 762500 750000 743750 737500 
				812500 806250 800000 793750 787500 775000 768750 762500 756250 743750 737500 731250 725000 718750 706250 700000 
				793750 787500 775000 762500 750000 737500 725000 706250 693750 681250 668750 656250 643750 631250 618750 606250 
				793750 787500 775000 762500 750000 737500 725000 706250 693750 681250 668750 656250 643750 631250 618750 606250 
				612500 606250 593750 587500 581250 575000 575000 575000 575000 575000 575000 575000 575000 575000 575000 575000 
				593750 593750 587500 581250 575000 575000 575000 575000 575000 575000 575000 575000 575000 575000 575000 575000 
		[DOMAIN NAME] : dvfs_disp
		[NUM OF ASV GROUP] : 16
		[NUM OF LEVEL] : 5
			[FREQUENCY] : 630
			[FREQUENCY] : 533
			[FREQUENCY] : 356
			[FREQUENCY] : 214
			[FREQUENCY] : 134
		[NUM OF TABLE] : 8
			[TABLE VERSION] : 1
			[BOOT LEVEL IDX] : 1
			[RESUME LEVEL IDX] : 3
				[TABLE]
				800000 793750 787500 775000 762500 750000 743750 731250 718750 706250 700000 687500 675000 662500 656250 643750 
				787500 781250 768750 756250 743750 731250 725000 712500 700000 687500 681250 668750 656250 650000 637500 625000 
				750000 743750 737500 725000 712500 700000 693750 681250 668750 656250 650000 637500 625000 612500 606250 600000 
				737500 731250 718750 706250 693750 687500 675000 662500 650000 643750 631250 618750 612500 600000 600000 600000 
				718750 712500 700000 693750 681250 668750 656250 650000 637500 625000 612500 606250 600000 600000 600000 600000 
			[TABLE VERSION] : 2
			[BOOT LEVEL IDX] : 1
			[RESUME LEVEL IDX] : 3
				[TABLE]
				881250 875000 868750 856250 850000 837500 831250 825000 812500 806250 793750 787500 775000 768750 756250 750000 
				831250 825000 818750 806250 800000 787500 781250 775000 762500 756250 743750 737500 725000 718750 706250 700000 
				787500 781250 775000 762500 756250 743750 737500 725000 718750 706250 700000 687500 681250 668750 662500 650000 
				743750 737500 725000 718750 706250 700000 687500 681250 668750 662500 650000 643750 631250 618750 612500 600000 
				687500 687500 681250 681250 675000 675000 668750 668750 662500 662500 656250 656250 650000 650000 643750 637500 
			[TABLE VERSION] : 3
			[BOOT LEVEL IDX] : 1
			[RESUME LEVEL IDX] : 3
				[TABLE]
				868750 868750 856250 843750 837500 825000 812500 806250 793750 787500 775000 762500 756250 743750 737500 725000 
				843750 843750 831250 818750 812500 800000 793750 781250 775000 762500 750000 743750 731250 725000 712500 700000 
				756250 750000 743750 731250 725000 718750 706250 700000 687500 681250 675000 662500 656250 643750 637500 625000 
				706250 700000 693750 681250 675000 668750 656250 650000 643750 631250 625000 618750 612500 600000 593750 587500 
				656250 656250 643750 637500 631250 625000 612500 606250 600000 593750 587500 575000 575000 575000 575000 575000 
			[TABLE VERSION] : 4
			[BOOT LEVEL IDX] : 1
			[RESUME LEVEL IDX] : 3
				[TABLE]
				868750 868750 856250 843750 837500 825000 812500 806250 793750 787500 775000 762500 756250 743750 737500 725000 
				843750 843750 831250 818750 812500 800000 793750 781250 775000 762500 750000 743750 731250 725000 712500 700000 
				756250 750000 743750 731250 725000 718750 706250 700000 687500 681250 675000 662500 656250 643750 637500 625000 
				706250 700000 693750 681250 675000 668750 656250 650000 643750 631250 625000 618750 612500 600000 593750 587500 
				656250 656250 643750 637500 631250 625000 612500 606250 600000 593750 587500 575000 575000 575000 575000 575000 
			[TABLE VERSION] : 5
			[BOOT LEVEL IDX] : 1
			[RESUME LEVEL IDX] : 3
				[TABLE]
				843750 837500 825000 812500 800000 787500 775000 762500 750000 737500 725000 712500 700000 687500 675000 662500 
				806250 800000 787500 775000 762500 750000 737500 725000 712500 700000 687500 675000 662500 650000 637500 625000 
				706250 700000 693750 681250 675000 662500 650000 643750 631250 625000 612500 600000 593750 581250 575000 575000 
				643750 643750 631250 625000 618750 612500 606250 593750 587500 581250 575000 575000 575000 575000 575000 575000 
				612500 612500 606250 593750 587500 581250 575000 575000 575000 575000 575000 575000 575000 575000 575000 575000 
			[TABLE VERSION] : 6
			[BOOT LEVEL IDX] : 1
			[RESUME LEVEL IDX] : 3
				[TABLE]
				843750 837500 825000 812500 800000 787500 775000 762500 750000 737500 725000 712500 700000 687500 675000 662500 
				806250 800000 787500 775000 762500 750000 737500 725000 712500 700000 687500 675000 662500 650000 637500 625000 
				706250 700000 693750 681250 675000 662500 650000 643750 631250 625000 612500 600000 593750 581250 575000 575000 
				643750 643750 631250 625000 618750 612500 606250 593750 587500 581250 575000 575000 575000 575000 575000 575000 
				612500 612500 606250 593750 587500 581250 575000 575000 575000 575000 575000 575000 575000 575000 575000 575000 
			[TABLE VERSION] : 7
			[BOOT LEVEL IDX] : 1
			[RESUME LEVEL IDX] : 3
				[TABLE]
				825000 818750 812500 806250 793750 787500 775000 762500 750000 737500 725000 712500 700000 687500 675000 662500 
				775000 768750 762500 750000 743750 737500 725000 725000 712500 700000 687500 675000 662500 650000 637500 625000 
				681250 675000 668750 662500 656250 650000 643750 643750 631250 625000 612500 600000 593750 581250 575000 575000 
				631250 631250 625000 618750 618750 612500 606250 593750 587500 581250 575000 575000 575000 575000 575000 575000 
				593750 593750 587500 581250 575000 575000 575000 575000 575000 575000 575000 575000 575000 575000 575000 575000 
			[TABLE VERSION] : 8
			[BOOT LEVEL IDX] : 1
			[RESUME LEVEL IDX] : 3
				[TABLE]
				825000 818750 812500 806250 793750 787500 775000 762500 750000 737500 725000 712500 700000 687500 675000 662500 
				775000 768750 762500 750000 743750 737500 725000 725000 712500 700000 687500 675000 662500 650000 637500 625000 
				681250 675000 668750 662500 656250 650000 643750 643750 631250 625000 612500 600000 593750 581250 575000 575000 
				631250 631250 625000 618750 618750 612500 606250 593750 587500 581250 575000 575000 575000 575000 575000 575000 
				593750 593750 587500 581250 575000 575000 575000 575000 575000 575000 575000 575000 575000 575000 575000 575000 
		[DOMAIN NAME] : dvs_g3dm
		[NUM OF ASV GROUP] : 16
		[NUM OF LEVEL] : 9
			[FREQUENCY] : 839
			[FREQUENCY] : 764
			[FREQUENCY] : 683
			[FREQUENCY] : 572
			[FREQUENCY] : 546
			[FREQUENCY] : 455
			[FREQUENCY] : 385
			[FREQUENCY] : 338
			[FREQUENCY] : 260
		[NUM OF TABLE] : 8
			[TABLE VERSION] : 1
			[BOOT LEVEL IDX] : 8
			[RESUME LEVEL IDX] : 8
				[TABLE]
				793750 0 0 0 0 0 0 0 0 0 0 0 0 0 0 0 
				781250 0 0 0 0 0 0 0 0 0 0 0 0 0 0 0 
				768750 0 0 0 0 0 0 0 0 0 0 0 0 0 0 0 
				731250 725000 712500 700000 693750 681250 668750 656250 643750 637500 625000 612500 600000 600000 600000 600000 
				737500 731250 725000 712500 700000 687500 675000 662500 650000 643750 631250 618750 606250 600000 600000 600000 
				731250 725000 718750 706250 693750 681250 668750 656250 643750 637500 625000 612500 600000 593750 593750 593750 
				731250 725000 718750 706250 693750 681250 668750 656250 643750 637500 625000 612500 600000 593750 593750 593750 
				725000 718750 712500 700000 687500 675000 662500 650000 637500 631250 618750 606250 593750 587500 587500 587500 
				718750 712500 706250 693750 681250 668750 656250 643750 631250 625000 612500 600000 587500 581250 581250 581250 
			[TABLE VERSION] : 2
			[BOOT LEVEL IDX] : 8
			[RESUME LEVEL IDX] : 8
				[TABLE]
				0 0 0 0 0 0 0 0 0 0 0 0 0 0 0 0 
				0 0 0 0 0 0 0 0 0 0 0 0 0 0 0 0 
				0 0 0 0 0 0 0 0 0 0 0 0 0 0 0 0 
				0 0 0 0 0 0 0 0 0 0 0 0 0 0 0 0 
				768750 762500 756250 743750 737500 731250 718750 712500 706250 693750 687500 675000 668750 662500 650000 643750 
				762500 756250 750000 737500 731250 725000 712500 706250 700000 687500 681250 668750 662500 656250 643750 637500 
				762500 756250 750000 737500 731250 725000 712500 706250 700000 687500 681250 668750 662500 656250 643750 637500 
				756250 750000 743750 731250 725000 718750 706250 700000 693750 681250 675000 662500 656250 650000 637500 631250 
				750000 743750 737500 725000 718750 712500 700000 693750 687500 675000 668750 656250 650000 643750 631250 625000 
			[TABLE VERSION] : 3
			[BOOT LEVEL IDX] : 8
			[RESUME LEVEL IDX] : 8
				[TABLE]
				0 0 0 0 0 0 0 0 0 0 0 0 0 0 0 0 
				0 0 0 0 0 0 0 0 0 0 0 0 0 0 0 0 
				0 0 0 0 0 0 0 0 0 0 0 0 0 0 0 0 
				725000 725000 712500 706250 693750 687500 675000 668750 662500 650000 643750 631250 625000 612500 606250 593750 
				718750 712500 706250 693750 687500 675000 668750 656250 650000 643750 631250 625000 612500 606250 593750 587500 
				687500 681250 675000 662500 656250 650000 637500 631250 618750 612500 606250 593750 587500 581250 575000 575000 
				687500 681250 675000 662500 656250 650000 637500 631250 618750 612500 606250 593750 587500 581250 575000 575000 
				656250 656250 643750 637500 631250 618750 612500 606250 593750 587500 581250 575000 575000 575000 575000 575000 
				643750 643750 631250 625000 618750 606250 600000 593750 587500 575000 575000 575000 575000 575000 575000 575000 
			[TABLE VERSION] : 4
			[BOOT LEVEL IDX] : 8
			[RESUME LEVEL IDX] : 8
				[TABLE]
				0 0 0 0 0 0 0 0 0 0 0 0 0 0 0 0 
				0 0 0 0 0 0 0 0 0 0 0 0 0 0 0 0 
				0 0 0 0 0 0 0 0 0 0 0 0 0 0 0 0 
				725000 725000 712500 706250 693750 687500 675000 668750 662500 650000 643750 631250 625000 612500 606250 593750 
				718750 712500 706250 693750 687500 675000 668750 656250 650000 643750 631250 625000 612500 606250 593750 587500 
				687500 681250 675000 662500 656250 650000 637500 631250 618750 612500 606250 593750 587500 581250 575000 575000 
				687500 681250 675000 662500 656250 650000 637500 631250 618750 612500 606250 593750 587500 581250 575000 575000 
				656250 656250 643750 637500 631250 618750 612500 606250 593750 587500 581250 575000 575000 575000 575000 575000 
				643750 643750 631250 625000 618750 606250 600000 593750 587500 575000 575000 575000 575000 575000 575000 575000 
			[TABLE VERSION] : 5
			[BOOT LEVEL IDX] : 8
			[RESUME LEVEL IDX] : 8
				[TABLE]
				0 0 0 0 0 0 0 0 0 0 0 0 0 0 0 0 
				0 0 0 0 0 0 0 0 0 0 0 0 0 0 0 0 
				0 0 0 0 0 0 0 0 0 0 0 0 0 0 0 0 
				743750 737500 718750 693750 681250 668750 656250 637500 631250 625000 618750 606250 600000 593750 587500 575000 
				731250 725000 706250 687500 668750 656250 643750 631250 625000 612500 606250 600000 593750 587500 575000 575000 
				718750 712500 693750 675000 656250 643750 631250 618750 593750 587500 581250 575000 575000 575000 575000 575000 
				718750 712500 693750 675000 656250 643750 631250 618750 593750 587500 581250 575000 575000 575000 575000 575000 
				712500 706250 681250 662500 650000 631250 618750 606250 593750 587500 581250 575000 575000 575000 575000 575000 
				700000 693750 668750 650000 637500 618750 606250 593750 587500 575000 575000 575000 575000 575000 575000 575000 
			[TABLE VERSION] : 6
			[BOOT LEVEL IDX] : 8
			[RESUME LEVEL IDX] : 8
				[TABLE]
				0 0 0 0 0 0 0 0 0 0 0 0 0 0 0 0 
				0 0 0 0 0 0 0 0 0 0 0 0 0 0 0 0 
				0 0 0 0 0 0 0 0 0 0 0 0 0 0 0 0 
				743750 737500 718750 693750 681250 668750 656250 637500 631250 625000 618750 606250 600000 593750 587500 575000 
				731250 725000 706250 687500 668750 656250 643750 631250 625000 612500 606250 600000 593750 587500 575000 575000 
				718750 712500 693750 675000 656250 643750 631250 618750 593750 587500 581250 575000 575000 575000 575000 575000 
				718750 712500 693750 675000 656250 643750 631250 618750 593750 587500 581250 575000 575000 575000 575000 575000 
				712500 706250 681250 662500 650000 631250 618750 606250 593750 587500 581250 575000 575000 575000 575000 575000 
				700000 693750 668750 650000 637500 618750 606250 593750 587500 575000 575000 575000 575000 575000 575000 575000 
			[TABLE VERSION] : 7
			[BOOT LEVEL IDX] : 8
			[RESUME LEVEL IDX] : 8
				[TABLE]
				0 0 0 0 0 0 0 0 0 0 0 0 0 0 0 0 
				0 0 0 0 0 0 0 0 0 0 0 0 0 0 0 0 
				0 0 0 0 0 0 0 0 0 0 0 0 0 0 0 0 
				743750 737500 718750 693750 681250 668750 656250 637500 631250 625000 618750 606250 600000 593750 587500 575000 
				737500 731250 712500 693750 668750 656250 643750 631250 625000 612500 606250 600000 593750 587500 575000 575000 
				725000 718750 700000 681250 656250 643750 631250 618750 593750 587500 581250 575000 575000 575000 575000 575000 
				725000 718750 700000 681250 656250 643750 631250 618750 593750 587500 581250 575000 575000 575000 575000 575000 
				725000 718750 700000 681250 656250 643750 631250 618750 593750 587500 581250 575000 575000 575000 575000 575000 
				725000 718750 700000 681250 656250 643750 631250 618750 593750 587500 581250 575000 575000 575000 575000 575000 
			[TABLE VERSION] : 8
			[BOOT LEVEL IDX] : 8
			[RESUME LEVEL IDX] : 8
				[TABLE]
				0 0 0 0 0 0 0 0 0 0 0 0 0 0 0 0 
				0 0 0 0 0 0 0 0 0 0 0 0 0 0 0 0 
				0 0 0 0 0 0 0 0 0 0 0 0 0 0 0 0 
				743750 737500 718750 693750 681250 668750 656250 637500 631250 625000 618750 606250 600000 593750 587500 575000 
				737500 731250 712500 693750 668750 656250 643750 631250 625000 612500 606250 600000 593750 587500 575000 575000 
				725000 718750 700000 681250 656250 631250 618750 606250 581250 575000 568750 562500 562500 562500 562500 562500 
				725000 718750 700000 681250 650000 631250 612500 600000 575000 568750 562500 556250 556250 556250 556250 556250 
				725000 718750 700000 675000 643750 625000 606250 593750 568750 562500 556250 550000 550000 550000 550000 550000 
				725000 718750 700000 675000 643750 625000 606250 593750 568750 562500 556250 550000 550000 550000 550000 550000 
		[DOMAIN NAME] : dvs_cp
		[NUM OF ASV GROUP] : 16
		[NUM OF LEVEL] : 3
			[FREQUENCY] : 1500
			[FREQUENCY] : 1066
			[FREQUENCY] : 800
		[NUM OF TABLE] : 8
			[TABLE VERSION] : 1
			[BOOT LEVEL IDX] : 1
			[RESUME LEVEL IDX] : 1
				[TABLE]
				850000 850000 850000 850000 850000 850000 850000 850000 850000 850000 850000 850000 850000 850000 850000 850000 
				850000 850000 850000 850000 850000 850000 850000 850000 850000 850000 850000 850000 850000 850000 850000 850000 
				850000 850000 850000 850000 850000 850000 850000 850000 850000 850000 850000 850000 850000 850000 850000 850000 
			[TABLE VERSION] : 2
			[BOOT LEVEL IDX] : 1
			[RESUME LEVEL IDX] : 1
				[TABLE]
				950000 850000 850000 850000 850000 850000 850000 850000 850000 850000 850000 850000 850000 850000 850000 850000 
				950000 850000 850000 850000 850000 850000 850000 850000 850000 850000 850000 850000 850000 850000 850000 850000 
				950000 850000 850000 850000 850000 850000 850000 850000 850000 850000 850000 850000 850000 850000 850000 850000 
			[TABLE VERSION] : 3
			[BOOT LEVEL IDX] : 1
			[RESUME LEVEL IDX] : 1
				[TABLE]
				950000 850000 850000 850000 850000 850000 850000 850000 850000 850000 850000 850000 850000 850000 850000 850000 
				950000 850000 850000 850000 850000 850000 850000 850000 850000 850000 850000 850000 850000 850000 850000 850000 
				950000 850000 850000 850000 850000 850000 850000 850000 850000 850000 850000 850000 850000 850000 850000 850000 
			[TABLE VERSION] : 4
			[BOOT LEVEL IDX] : 1
			[RESUME LEVEL IDX] : 1
				[TABLE]
				950000 850000 850000 850000 850000 850000 850000 850000 850000 850000 850000 850000 850000 850000 850000 850000 
				800000 793750 787500 781250 775000 768750 762500 756250 750000 743750 743750 737500 731250 725000 718750 712500 
				800000 793750 787500 781250 775000 768750 762500 756250 750000 743750 743750 737500 731250 725000 718750 712500 
			[TABLE VERSION] : 5
			[BOOT LEVEL IDX] : 1
			[RESUME LEVEL IDX] : 1
				[TABLE]
				950000 950000 950000 937500 925000 912500 900000 887500 881250 868750 856250 843750 831250 818750 806250 800000 
				800000 793750 787500 781250 775000 768750 762500 756250 750000 743750 743750 737500 731250 725000 718750 712500 
				800000 793750 787500 781250 775000 768750 762500 756250 750000 743750 743750 737500 731250 725000 718750 712500 
			[TABLE VERSION] : 6
			[BOOT LEVEL IDX] : 1
			[RESUME LEVEL IDX] : 1
				[TABLE]
				950000 950000 950000 937500 925000 912500 900000 887500 881250 868750 856250 843750 831250 818750 806250 800000 
				800000 793750 787500 781250 775000 768750 762500 756250 750000 743750 743750 737500 731250 725000 718750 712500 
				800000 793750 787500 781250 775000 768750 762500 756250 750000 743750 743750 737500 731250 725000 718750 712500 
			[TABLE VERSION] : 7
			[BOOT LEVEL IDX] : 1
			[RESUME LEVEL IDX] : 1
				[TABLE]
				912500 906250 900000 887500 875000 862500 850000 837500 825000 818750 806250 793750 781250 768750 756250 743750 
				775000 775000 762500 756250 750000 737500 731250 725000 718750 706250 700000 700000 700000 700000 700000 700000 
				775000 775000 762500 756250 750000 737500 731250 725000 718750 706250 700000 700000 700000 700000 700000 700000 
			[TABLE VERSION] : 8
			[BOOT LEVEL IDX] : 1
			[RESUME LEVEL IDX] : 1
				[TABLE]
				912500 906250 900000 887500 875000 862500 850000 837500 825000 818750 806250 793750 781250 768750 756250 743750 
				775000 775000 762500 756250 750000 737500 731250 725000 718750 706250 700000 700000 700000 700000 700000 700000 
				775000 775000 762500 756250 750000 737500 731250 725000 718750 706250 700000 700000 700000 700000 700000 700000 
[ECT] : General-Parameter Information
	[PARSER VERSION] : 1
	[VERSION] : 0.0 
	[NUM OF TABLE] : 20
		[TABLE NAME] : PSCDC
		[NUM OF COLUMN] : 2
		[NUM OF ROW] : 12
			[TABLE]
			1000 982 
			1000 939 
			933 897 
			800 770 
			667 676 
			533 507 
			466 423 
			400 338 
			334 273 
			267 211 
			178 143 
			134 104 
		[TABLE NAME] : ssa_cpucl0
		[NUM OF COLUMN] : 12
		[NUM OF ROW] : 1
			[TABLE]
			0 4 525000 25000 0 12500 25000 37500 0 12500 25000 37500 
		[TABLE NAME] : ssa_cpucl1
		[NUM OF COLUMN] : 12
		[NUM OF ROW] : 1
			[TABLE]
			0 4 525000 25000 0 12500 25000 37500 0 12500 25000 37500 
		[TABLE NAME] : ssa_g3d
		[NUM OF COLUMN] : 12
		[NUM OF ROW] : 1
			[TABLE]
			0 4 525000 25000 0 12500 25000 37500 0 12500 25000 37500 
		[TABLE NAME] : ssa_mif
		[NUM OF COLUMN] : 12
		[NUM OF ROW] : 1
			[TABLE]
			0 4 525000 25000 0 12500 25000 37500 0 12500 25000 37500 
		[TABLE NAME] : ssa_int
		[NUM OF COLUMN] : 12
		[NUM OF ROW] : 1
			[TABLE]
			0 4 525000 25000 0 12500 25000 37500 0 12500 25000 37500 
		[TABLE NAME] : ssa_intcam
		[NUM OF COLUMN] : 12
		[NUM OF ROW] : 1
			[TABLE]
			0 4 525000 25000 0 12500 25000 37500 0 12500 25000 37500 
		[TABLE NAME] : ssa_cam
		[NUM OF COLUMN] : 12
		[NUM OF ROW] : 1
			[TABLE]
			0 4 525000 25000 0 12500 25000 37500 0 12500 25000 37500 
		[TABLE NAME] : ssa_disp
		[NUM OF COLUMN] : 12
		[NUM OF ROW] : 1
			[TABLE]
			0 4 525000 25000 0 12500 25000 37500 0 12500 25000 37500 
		[TABLE NAME] : ssa_g3dm
		[NUM OF COLUMN] : 12
		[NUM OF ROW] : 1
			[TABLE]
			0 4 525000 25000 0 12500 25000 37500 0 12500 25000 37500 
		[TABLE NAME] : ssa_cp
		[NUM OF COLUMN] : 12
		[NUM OF ROW] : 1
			[TABLE]
			0 4 525000 25000 0 12500 25000 37500 0 12500 25000 37500 
		[TABLE NAME] : DTM_MNGS_VOLT_TEMP
		[NUM OF COLUMN] : 8
		[NUM OF ROW] : 13
			[TABLE]
			0 70 75 80 85 90 95 100 
			600 2644 2992 3385 3830 4333 4903 5547 
			650 2789 3156 3571 4040 4571 5172 5851 
			700 2921 3305 3740 4231 4787 5417 6129 
			750 3048 3449 3902 4415 4995 5652 6395 
			800 3178 3596 4068 4603 5208 5893 6667 
			850 3318 3754 4248 4806 5438 6153 6961 
			900 3477 3934 4451 5036 5698 6447 7294 
			950 3662 4143 4687 5303 6000 6789 7681 
			1000 3880 4390 4967 5620 6359 7195 8140 
			1050 4141 4685 5301 5997 6786 7678 8687 
			1100 4451 5036 5698 6447 7294 8252 9337 
			1150 4818 5451 6168 6979 7896 8934 10108 
		[TABLE NAME] : DTM_MNGS_ASV
		[NUM OF COLUMN] : 3
		[NUM OF ROW] : 13
			[TABLE]
			0 0 0 
			0 4294966886 17340 
			0 4294966806 18120 
			0 4294966786 18390 
			0 4294966776 18420 
			0 4294966776 18430 
			0 4294966766 18590 
			0 4294966716 19040 
			0 4294966636 19920 
			0 4294966506 21270 
			0 4294966326 23130 
			0 4294966106 25470 
			0 4294965836 28240 
		[TABLE NAME] : DTM_G3D_VOLT_TEMP
		[NUM OF COLUMN] : 8
		[NUM OF ROW] : 13
			[TABLE]
			0 70 75 80 85 90 95 100 
			550 3084 3631 4276 5034 5928 6980 8219 
			600 3351 3945 4645 5470 6441 7584 8930 
			650 3687 4341 5111 6018 7086 8344 9825 
			700 4105 4833 5691 6701 7891 9291 10940 
			750 4619 5439 6404 7540 8879 10454 12310 
			800 5242 6172 7268 8557 10076 11864 13970 
			850 5987 7049 8300 9774 11508 13551 15955 
			900 6867 8086 9521 11211 13200 15543 18302 
			950 7896 9297 10947 12890 15178 17872 21043 
			1000 9086 10699 12598 14834 17466 20566 24216 
			1050 10452 12307 14491 17063 20091 23657 27855 
			1100 12006 14136 16645 19599 23078 27173 31996 
		[TABLE NAME] : DTM_G3D_ASV
		[NUM OF COLUMN] : 3
		[NUM OF ROW] : 13
			[TABLE]
			0 0 0 
			0 590 1450 
			0 400 4330 
			0 240 6620 
			0 100 8580 
			0 4294967276 10370 
			0 4294967156 12100 
			0 4294967036 13830 
			0 4294966916 15580 
			0 4294966796 17350 
			0 4294966676 19130 
			0 4294966546 20890 
			0 4294966426 22620 
		[TABLE NAME] : DTM_PWR_Coeff
		[NUM OF COLUMN] : 4
		[NUM OF ROW] : 1
			[TABLE]
			465 0 9450 0 
		[TABLE NAME] : MIF_EVT0
		[NUM OF COLUMN] : 2
		[NUM OF ROW] : 12
			[TABLE]
			1 0 
			1 0 
			2 0 
			3 0 
			4 0 
			5 0 
			6 0 
			1 2 
			1 3 
			6 1 
			4 3 
			4 5 
		[TABLE NAME] : PSCDC_EVT0
		[NUM OF COLUMN] : 2
		[NUM OF ROW] : 12
			[TABLE]
			919 1000 
			962 1000 
			800 897 
			667 770 
			533 676 
			466 507 
			400 423 
			311 338 
			233 273 
			200 211 
			134 143 
			89 104 
		[TABLE NAME] : BIGTURBO
		[NUM OF COLUMN] : 4
		[NUM OF ROW] : 8
			[TABLE]
			1703000 1703000 1703000 1703000 
			2158000 2158000 2158000 2158000 
			2158000 2158000 2158000 2158000 
			2496000 2496000 2314000 2314000 
			2496000 2496000 2314000 2314000 
			2496000 2496000 2314000 2314000 
			2496000 2496000 2314000 2314000 
			2496000 2496000 2314000 2314000 
		[TABLE NAME] : DTM_BOOT_MAX_FREQ
		[NUM OF COLUMN] : 3
		[NUM OF ROW] : 3
			[TABLE]
			83 0 0 
			75 0 0 
			50 1066000 1690000 
[ECT] : New Timing-Parameter Information
	[PARSER VERSION] : 1
	[VERSION] : 0.27
	[NUM OF SIZE] : 35
		[PARAMETER KEY] : 11111111
		[NUM OF TIMING PARAMETER] : 8
		[NUM OF LEVEL] : 6
			[TABLE]
			110520200132 AC1 AA1 AB1 B1 C1 DA2 DB1 
			100640000112 AC2 AA1 AB2 B1 C1 DA3 DB1 
			40000611 AC3 AA1 AB2 B1 C1 DA4 DB1 
			630300132 AC7 AA2 AB4 B1 C1 DA3 DB1 
			2020FF30 AC1 AA1 AB1 B1 C3 DA5 DB1 
			530300132 AC8 AA2 AB4 B2 C2 DA1 DB1 
		[PARAMETER KEY] : AA1
		[NUM OF TIMING PARAMETER] : 16
		[NUM OF LEVEL] : 14
			[TABLE]
			10000030 10000030 10000018 1000000C 10000006 10000003 10000003 10000003 10000010 1000000D 1000000C 10000007 10000006 10000003 10000003 10000003 
			10000030 10000030 10000018 1000000C 10000006 10000003 10000003 10000003 10000010 1000000D 1000000C 10000007 10000006 10000003 10000003 10000003 
			10000030 10000030 10000018 1000000C 10000006 10000003 10000003 10000003 10000010 1000000D 1000000C 10000007 10000006 10000003 10000003 10000003 
			10000030 10000030 10000018 1000000C 10000006 10000003 10000003 10000003 10000010 1000000D 1000000C 10000007 10000006 10000003 10000003 10000003 
			10000030 10000030 10000018 1000000C 10000006 10000003 10000003 10000003 10000010 1000000D 1000000C 10000007 10000006 10000003 10000003 10000003 
			10000030 10000030 10000018 1000000C 10000006 10000003 10000003 10000003 10000010 1000000D 1000000C 10000007 10000006 10000003 10000003 10000003 
			10000030 10000030 10000018 1000000C 10000006 10000003 10000003 10000003 10000010 1000000D 1000000C 10000007 10000006 10000003 10000003 10000003 
			10000030 10000030 10000018 1000000C 10000006 10000003 10000003 10000003 10000010 1000000D 1000000C 10000007 10000006 10000003 10000003 10000003 
			10000030 10000030 10000018 1000000C 10000006 10000003 10000003 10000003 10000010 1000000D 1000000C 10000007 10000006 10000003 10000003 10000003 
			10000030 10000030 10000018 1000000C 10000006 10000003 10000003 10000003 10000010 1000000D 1000000C 10000007 10000006 10000003 10000003 10000003 
			10000030 10000030 10000018 1000000C 10000006 10000003 10000003 10000003 10000010 1000000D 1000000C 10000007 10000006 10000003 10000003 10000003 
			194 194 CA 65 32 19 19 19 88 6F 65 3C 32 19 19 19 
			194 194 CA 65 32 19 19 19 88 6F 65 3C 32 19 19 19 
			194 194 CA 65 32 19 19 19 88 6F 65 3C 32 19 19 19 
		[PARAMETER KEY] : AA2
		[NUM OF TIMING PARAMETER] : 16
		[NUM OF LEVEL] : 14
			[TABLE]
			10000030 10000030 10000018 1000000C 10000006 19 19 19 88 6F 65 3C 32 19 19 19 
			10000030 10000030 10000018 1000000C 10000006 19 19 19 88 6F 65 3C 32 19 19 19 
			10000030 10000030 10000018 1000000C 10000006 19 19 19 88 6F 65 3C 32 19 19 19 
			10000030 10000030 10000018 1000000C 10000006 19 19 19 88 6F 65 3C 32 19 19 19 
			10000030 10000030 10000018 1000000C 10000006 19 19 19 88 6F 65 3C 32 19 19 19 
			10000030 10000030 10000018 1000000C 10000006 19 19 19 88 6F 65 3C 32 19 19 19 
			10000030 10000030 10000018 1000000C 10000006 19 19 19 88 6F 65 3C 32 19 19 19 
			10000030 10000030 10000018 1000000C 10000006 19 19 19 88 6F 65 3C 32 19 19 19 
			10000030 10000030 10000018 1000000C 10000006 19 19 19 88 6F 65 3C 32 19 19 19 
			10000030 10000030 10000018 1000000C 10000006 19 19 19 88 6F 65 3C 32 19 19 19 
			10000030 10000030 10000018 1000000C 10000006 19 19 19 88 6F 65 3C 32 19 19 19 
			194 194 CA 65 32 19 19 19 88 6F 65 3C 32 19 19 19 
			194 194 CA 65 32 19 19 19 88 6F 65 3C 32 19 19 19 
			194 194 CA 65 32 19 19 19 88 6F 65 3C 32 19 19 19 
		[PARAMETER KEY] : AA3
		[NUM OF TIMING PARAMETER] : 1
		[NUM OF LEVEL] : 1
			[TABLE]
			0 
		[PARAMETER KEY] : AB1
		[NUM OF TIMING PARAMETER] : 1
		[NUM OF LEVEL] : 16
			[TABLE]
			1 
			21 
			3FFFD0 
			3FFFD0 
			0 
			0 
			0 
			0 
			90009 
			11 
			2 
			0 
			E02 
			0 
			10001 
			1 
		[PARAMETER KEY] : AB2
		[NUM OF TIMING PARAMETER] : 1
		[NUM OF LEVEL] : 16
			[TABLE]
			1 
			0 
			3FFFF0 
			0 
			0 
			0 
			0 
			0 
			A 
			11 
			2 
			0 
			E02 
			0 
			10001 
			1 
		[PARAMETER KEY] : AB3
		[NUM OF TIMING PARAMETER] : 1
		[NUM OF LEVEL] : 16
			[TABLE]
			1 
			0 
			1FFFF0 
			0 
			0 
			0 
			0 
			0 
			9 
			11 
			2 
			0 
			602 
			0 
			10001 
			1 
		[PARAMETER KEY] : AB4
		[NUM OF TIMING PARAMETER] : 1
		[NUM OF LEVEL] : 16
			[TABLE]
			1 
			21 
			3FFFD0 
			3FFFD0 
			400001 
			400021 
			1FFFD0 
			1FFFD0 
			A000A 
			11 
			2 
			0 
			1E02 
			0 
			10001 
			1 
		[PARAMETER KEY] : AB5
		[NUM OF TIMING PARAMETER] : 1
		[NUM OF LEVEL] : 1
			[TABLE]
			0 
		[PARAMETER KEY] : AC1
		[NUM OF TIMING PARAMETER] : 28
		[NUM OF LEVEL] : 14
			[TABLE]
			91613 1408422C B00002A 100 130B0B00 1D100B 70004 80004 1D04 F192522 462E1815 150D 5F00BD 5F00BD B 8020A08 15150808 C7 A39 3F7A0 300 322510FF 25321925 14 1091C 1C08 C0000300 A 
			91613 1408402B B000029 100 130B0B00 1D100B 70004 80004 1D04 F192521 432C1714 140C 5B00B5 5B00B5 B 8020A08 15150808 BE 9C7 3F7A0 300 322510FB 25321925 14 1091C 1C08 C0000300 A 
			81311 11073926 9000024 100 11090900 1A0E09 70004 80004 1C04 D16221D 3C281512 120B 5100A2 5100A2 9 7020907 13130707 AB 8C3 3F7A0 300 2F220EE1 222F1622 14 10819 1907 C0000300 A 
			7110E F063121 800001F 100 E080800 180C08 70004 80004 1A04 B141E1A 34221210 100A 46008B 46008B 8 6020806 10100606 93 785 3F7A0 300 2D1E0CC1 1E2D141E 14 10717 1706 C0000300 A 
			70F0D F062B1D 700001C 100 D070700 170B07 70004 80004 1904 A131D17 2E1E100E E09 3D007A 3D007A 8 6020806 F0F0606 81 69A 3F7A0 300 2C1D0BA9 1D2C131D 14 10716 1606 C0000300 A 
			50B0A A042016 6000015 100 A060600 110906 70004 80004 1504 8101612 22170C0B B07 2E005C 2E005C 8 4020604 C0C0404 62 4F4 3F7A0 300 2618087F 16261018 14 10510 1004 40000000 A 
			50A09 A041E14 5000013 100 9050500 110805 70004 80004 1504 70F1610 20150B0A A06 2A0054 2A0054 8 4020604 B0B0404 5A 48F 3F7A0 0 26180775 16260F18 14 10510 1004 40000000 A 
			50908 A041B12 5000011 100 8050500 100705 70004 80004 1504 60F160F 1D130A09 906 27004D 27004D 8 4020604 A0A0404 52 421 3F7A0 0 2518076A 16250F18 14 1050F F04 40000000 A 
			40807 804160F 400000E 100 7040400 D0605 70004 80004 1404 50D130D 170F0807 705 1F003D 1F003D 8 3020503 9090404 42 34D 3F7A0 0 22180655 13220D18 14 1040C C03 40000000 A 
			40605 804120C 400000B 100 5040400 C0605 70004 80004 1404 50D120B 130C0706 604 190032 190032 8 3020503 7070404 36 2AB 3F7A0 0 21180545 12210D18 14 1040B B03 40000000 A 
			30605 1104110C 400000B 100 5040400 A0605 70004 80004 1204 50C100A 120C0706 604 180030 180030 8 3020503 7070404 34 29B 3F7A0 0 1F180443 101F0C18 14 10309 902 40000000 A 
			30504 5040E09 4000009 100 4040400 A0605 70004 80004 1004 50C1009 F0A0505 504 130026 130026 8 3020503 6060404 2A 20F 3F7A0 0 1F180435 101F0C18 14 10309 902 40000000 A 
			30404 5040A07 4000006 100 4040400 A0605 70004 80004 1004 50C1007 A070404 404 D001A D001A 8 3020503 6060404 1D 166 3F7A0 0 1F180324 101F0C18 14 10309 902 40000000 A 
			20404 3040A06 4000006 100 4040400 60605 70004 80004 E05 50B0D06 A060404 404 A0013 A0013 8 3020503 6060404 16 104 3F7A0 0 1B18021A D1B0B18 14 10205 501 40000000 A 
		[PARAMETER KEY] : AC2
		[NUM OF TIMING PARAMETER] : 28
		[NUM OF LEVEL] : 14
			[TABLE]
			91613 1408422C B000020 100 13080800 1D100B 70004 80004 1D04 F192522 462E1815 150A 5F00BD 5F00BD 8 8020A08 15150808 C7 A39 3F7A0 300 322510FF 25321925 14 1091C 1C08 C0000300 A 
			91613 1408402B B00001F 100 13080800 1D100B 70004 80004 1D04 F192521 432C1714 140A 5B00B5 5B00B5 8 8020A08 15150808 BE 9C7 3F7A0 300 322510FB 25321925 14 1091C 1C08 C0000300 A 
			81311 11073926 900001B 100 11070700 1A0E09 70004 80004 1C04 D16221D 3C281512 1209 5100A2 5100A2 8 7020907 13130707 AB 8C3 3F7A0 300 2F220EE1 222F1622 14 10819 1907 C0000300 A 
			7110E F063121 8000018 100 E060600 180C08 70004 80004 1A04 B141E1A 34221210 1008 46008B 46008B 8 6020806 10100606 93 785 3F7A0 300 2D1E0CC1 1E2D141E 14 10717 1706 C0000300 A 
			70F0D F062B1D 7000015 100 D060600 170B07 70004 80004 1904 A131D17 2E1E100E E07 3D007A 3D007A 8 6020806 F0F0606 81 69A 3F7A0 300 2C1D0BA9 1D2C131D 14 10716 1606 C0000300 A 
			50B0A A042016 6000010 100 A040400 110906 70004 80004 1504 8101612 22170C0B B05 2E005C 2E005C 8 4020604 C0C0404 62 4F4 3F7A0 300 2618087F 16261018 14 10510 1004 40000000 A 
			50A09 A041E14 500000E 100 9040400 110805 70004 80004 1504 70F1610 20150B0A A05 2A0054 2A0054 8 4020604 B0B0404 5A 48F 3F7A0 0 26180775 16260F18 14 10510 1004 40000000 A 
			50908 A041B12 500000D 100 8040400 100705 70004 80004 1504 60F160F 1D130A09 904 27004D 27004D 8 4020604 A0A0404 52 421 3F7A0 0 2518076A 16250F18 14 1050F F04 40000000 A 
			40807 804160F 400000B 100 7040400 D0605 70004 80004 1404 50D130D 170F0807 704 1F003D 1F003D 8 3020503 9090404 42 34D 3F7A0 0 22180655 13220D18 14 1040C C03 40000000 A 
			40605 804120C 4000009 100 5040400 C0605 70004 80004 1404 50D120B 130C0706 604 190032 190032 8 3020503 7070404 36 2AB 3F7A0 0 21180545 12210D18 14 1040B B03 40000000 A 
			30605 1104110C 4000008 100 5040400 A0605 70004 80004 1204 50C100A 120C0706 604 180030 180030 8 3020503 7070404 34 29B 3F7A0 0 1F180443 101F0C18 14 10309 902 40000000 A 
			30504 5040E09 4000007 100 4040400 A0605 70004 80004 1004 50C1009 F0A0505 504 130026 130026 8 3020503 6060404 2A 20F 3F7A0 0 1F180435 101F0C18 14 10309 902 40000000 A 
			30404 5040A07 4000006 100 4040400 A0605 70004 80004 1004 50C1007 A070404 404 D001A D001A 8 3020503 6060404 1D 166 3F7A0 0 1F180324 101F0C18 14 10309 902 40000000 A 
			20404 3040A06 4000006 100 4040400 60605 70004 80004 E05 50B0D06 A060404 404 A0013 A0013 8 3020503 6060404 16 104 3F7A0 0 1B18021A D1B0B18 14 10205 501 40000000 A 
		[PARAMETER KEY] : AC3
		[NUM OF TIMING PARAMETER] : 28
		[NUM OF LEVEL] : 14
			[TABLE]
			91613 1408422C B000020 100 13080800 1D100B 70004 80004 1D04 F192522 462E1815 150A 930126 930126 8 8020A08 15150808 12F A39 3F7A0 300 322510FF 25321925 14 1091C 1C08 C0000300 A 
			91613 1408402B B00001F 100 13080800 1D100B 70004 80004 1D04 F192521 432C1714 140A 8D0119 8D0119 8 8020A08 15150808 122 9C7 3F7A0 300 322510FB 25321925 14 1091C 1C08 C0000300 A 
			81311 11073926 900001B 100 11070700 1A0E09 70004 80004 1C04 D16221D 3C281512 1209 7E00FC 7E00FC 8 7020907 13130707 104 8C3 3F7A0 300 2F220EE1 222F1622 14 10819 1907 C0000300 A 
			7110E F063121 8000018 100 E060600 180C08 70004 80004 1A04 B141E1A 34221210 1008 6C00D8 6C00D8 8 6020806 10100606 E0 785 3F7A0 300 2D1E0CC1 1E2D141E 14 10717 1706 C0000300 A 
			70F0D F062B1D 7000015 100 D060600 170B07 70004 80004 1904 A131D17 2E1E100E E07 5F00BE 5F00BE 8 6020806 F0F0606 C5 69A 3F7A0 300 2C1D0BA9 1D2C131D 14 10716 1606 C0000300 A 
			50B0A A042016 6000010 100 A040400 110906 70004 80004 1504 8101612 22170C0B B05 47008E 47008E 8 4020604 C0C0404 94 4F4 3F7A0 300 2618087F 16261018 14 10510 1004 40000000 A 
			50A09 A041E14 500000E 100 9040400 110805 70004 80004 1504 70F1610 20150B0A A05 420083 420083 8 4020604 B0B0404 89 48F 3F7A0 0 26180775 16260F18 14 10510 1004 40000000 A 
			50908 A041B12 500000D 100 8040400 100705 70004 80004 1504 60F160F 1D130A09 904 3C0077 3C0077 8 4020604 A0A0404 7C 421 3F7A0 0 2518076A 16250F18 14 1050F F04 40000000 A 
			40807 804160F 400000B 100 7040400 D0605 70004 80004 1404 50D130D 170F0807 704 30005F 30005F 8 3020503 9090404 64 34D 3F7A0 0 22180655 13220D18 14 1040C C03 40000000 A 
			40605 804120C 4000009 100 5040400 C0605 70004 80004 1404 50D120B 130C0706 604 27004D 27004D 8 3020503 7070404 51 2AB 3F7A0 0 21180545 12210D18 14 1040B B03 40000000 A 
			30605 1104110C 4000008 100 5040400 A0605 70004 80004 1204 50C100A 120C0706 604 26004B 26004B 8 3020503 7070404 4F 29B 3F7A0 0 1F180443 101F0C18 14 10309 902 40000000 A 
			30504 5040E09 4000007 100 4040400 A0605 70004 80004 1004 50C1009 F0A0505 504 1E003B 1E003B 8 3020503 6060404 3F 20F 3F7A0 0 1F180435 101F0C18 14 10309 902 40000000 A 
			30404 5040A07 4000006 100 4040400 A0605 70004 80004 1004 50C1007 A070404 404 150029 150029 8 3020503 6060404 2C 166 3F7A0 0 1F180324 101F0C18 14 10309 902 40000000 A 
			20404 3040A06 4000006 100 4040400 60605 70004 80004 E05 50B0D06 A060404 404 F001E F001E 8 3020503 6060404 20 104 3F7A0 0 1B18021A D1B0B18 14 10205 501 40000000 A 
		[PARAMETER KEY] : AC4
		[NUM OF TIMING PARAMETER] : 28
		[NUM OF LEVEL] : 14
			[TABLE]
			91613 1408422C B00002A 100 130B0B00 1D100B 70004 80004 1D04 F192522 462E1815 150D 5F00BD 5F00BD B 8020A08 15150808 C7 A39 3F7A0 303 322510FF 25321925 14 1091C 1C08 C0000303 A 
			91613 1408402B B000029 100 130B0B00 1D100B 70004 80004 1D04 F192521 432C1714 140C 5B00B5 5B00B5 B 8020A08 15150808 BE 9C7 3F7A0 303 322510FB 25321925 14 1091C 1C08 C0000303 A 
			81311 11073926 9000024 100 11090900 1A0E09 70004 80004 1C04 D16221D 3C281512 120B 5100A2 5100A2 9 7020907 13130707 AB 8C3 3F7A0 303 2F220EE1 222F1622 14 10819 1907 C0000303 A 
			7110E F063121 800001F 100 E080800 180C08 70004 80004 1A04 B141E1A 34221210 100A 46008B 46008B 8 6020806 10100606 93 785 3F7A0 303 2D1E0CC1 1E2D141E 14 10717 1706 C0000303 A 
			70F0D F062B1D 700001C 100 D070700 170B07 70004 80004 1904 A131D17 2E1E100E E09 3D007A 3D007A 8 6020806 F0F0606 81 69A 3F7A0 303 2C1D0BA9 1D2C131D 14 10716 1606 C0000303 A 
			50B0A A042016 6000015 100 A060600 110906 70004 80004 1504 8101612 22170C0B B07 2E005C 2E005C 8 4020604 C0C0404 62 4F4 3F7A0 303 2618087F 16261018 14 10510 1004 C0000003 A 
			50A09 A041E14 5000013 100 9050500 110805 70004 80004 1504 70F1610 20150B0A A06 2A0054 2A0054 8 4020604 B0B0404 5A 48F 3F7A0 0 26180775 16260F18 14 10510 1004 40000000 A 
			50908 A041B12 5000011 100 8050500 100705 70004 80004 1504 60F160F 1D130A09 906 27004D 27004D 8 4020604 A0A0404 52 421 3F7A0 0 2518076A 16250F18 14 1050F F04 40000000 A 
			40807 804160F 400000E 100 7040400 D0605 70004 80004 1404 50D130D 170F0807 705 1F003D 1F003D 8 3020503 9090404 42 34D 3F7A0 0 22180655 13220D18 14 1040C C03 40000000 A 
			40605 804120C 400000B 100 5040400 C0605 70004 80004 1404 50D120B 130C0706 604 190032 190032 8 3020503 7070404 36 2AB 3F7A0 0 21180545 12210D18 14 1040B B03 40000000 A 
			30605 1104110C 400000B 100 5040400 A0605 70004 80004 1204 50C100A 120C0706 604 180030 180030 8 3020503 7070404 34 29B 3F7A0 0 1F180443 101F0C18 14 10309 902 40000000 A 
			30504 5040E09 4000009 100 4040400 A0605 70004 80004 1004 50C1009 F0A0505 504 130026 130026 8 3020503 6060404 2A 20F 3F7A0 0 1F180435 101F0C18 14 10309 902 40000000 A 
			30404 5040A07 4000006 100 4040400 A0605 70004 80004 1004 50C1007 A070404 404 D001A D001A 8 3020503 6060404 1D 166 3F7A0 0 1F180324 101F0C18 14 10309 902 40000000 A 
			20404 3040A06 4000006 100 4040400 60605 70004 80004 E05 50B0D06 A060404 404 A0013 A0013 8 3020503 6060404 16 104 3F7A0 0 1B18021A D1B0B18 14 10205 501 40000000 A 
		[PARAMETER KEY] : AC5
		[NUM OF TIMING PARAMETER] : 28
		[NUM OF LEVEL] : 14
			[TABLE]
			91613 1408422C B000020 100 13080800 1D100B 70004 80004 1D04 F192522 462E1815 150A 5F00BD 5F00BD 8 8020A08 15150808 C7 A39 3F7A0 303 322510FF 25321925 14 1091C 1C08 C0000303 A 
			91613 1408402B B00001F 100 13080800 1D100B 70004 80004 1D04 F192521 432C1714 140A 5B00B5 5B00B5 8 8020A08 15150808 BE 9C7 3F7A0 303 322510FB 25321925 14 1091C 1C08 C0000303 A 
			81311 11073926 900001B 100 11070700 1A0E09 70004 80004 1C04 D16221D 3C281512 1209 5100A2 5100A2 8 7020907 13130707 AB 8C3 3F7A0 303 2F220EE1 222F1622 14 10819 1907 C0000303 A 
			7110E F063121 8000018 100 E060600 180C08 70004 80004 1A04 B141E1A 34221210 1008 46008B 46008B 8 6020806 10100606 93 785 3F7A0 303 2D1E0CC1 1E2D141E 14 10717 1706 C0000303 A 
			70F0D F062B1D 7000015 100 D060600 170B07 70004 80004 1904 A131D17 2E1E100E E07 3D007A 3D007A 8 6020806 F0F0606 81 69A 3F7A0 303 2C1D0BA9 1D2C131D 14 10716 1606 C0000303 A 
			50B0A A042016 6000010 100 A040400 110906 70004 80004 1504 8101612 22170C0B B05 2E005C 2E005C 8 4020604 C0C0404 62 4F4 3F7A0 303 2618087F 16261018 14 10510 1004 C0000003 A 
			50A09 A041E14 500000E 100 9040400 110805 70004 80004 1504 70F1610 20150B0A A05 2A0054 2A0054 8 4020604 B0B0404 5A 48F 3F7A0 0 26180775 16260F18 14 10510 1004 40000000 A 
			50908 A041B12 500000D 100 8040400 100705 70004 80004 1504 60F160F 1D130A09 904 27004D 27004D 8 4020604 A0A0404 52 421 3F7A0 0 2518076A 16250F18 14 1050F F04 40000000 A 
			40807 804160F 400000B 100 7040400 D0605 70004 80004 1404 50D130D 170F0807 704 1F003D 1F003D 8 3020503 9090404 42 34D 3F7A0 0 22180655 13220D18 14 1040C C03 40000000 A 
			40605 804120C 4000009 100 5040400 C0605 70004 80004 1404 50D120B 130C0706 604 190032 190032 8 3020503 7070404 36 2AB 3F7A0 0 21180545 12210D18 14 1040B B03 40000000 A 
			30605 1104110C 4000008 100 5040400 A0605 70004 80004 1204 50C100A 120C0706 604 180030 180030 8 3020503 7070404 34 29B 3F7A0 0 1F180443 101F0C18 14 10309 902 40000000 A 
			30504 5040E09 4000007 100 4040400 A0605 70004 80004 1004 50C1009 F0A0505 504 130026 130026 8 3020503 6060404 2A 20F 3F7A0 0 1F180435 101F0C18 14 10309 902 40000000 A 
			30404 5040A07 4000006 100 4040400 A0605 70004 80004 1004 50C1007 A070404 404 D001A D001A 8 3020503 6060404 1D 166 3F7A0 0 1F180324 101F0C18 14 10309 902 40000000 A 
			20404 3040A06 4000006 100 4040400 60605 70004 80004 E05 50B0D06 A060404 404 A0013 A0013 8 3020503 6060404 16 104 3F7A0 0 1B18021A D1B0B18 14 10205 501 40000000 A 
		[PARAMETER KEY] : AC6
		[NUM OF TIMING PARAMETER] : 28
		[NUM OF LEVEL] : 14
			[TABLE]
			91613 1408422C B000020 100 13080800 1D100B 70004 80004 1D04 F192522 462E1815 150A 930126 930126 8 8020A08 15150808 12F A39 3F7A0 303 322510FF 25321925 14 1091C 1C08 C0000303 A 
			91613 1408402B B00001F 100 13080800 1D100B 70004 80004 1D04 F192521 432C1714 140A 8D0119 8D0119 8 8020A08 15150808 122 9C7 3F7A0 303 322510FB 25321925 14 1091C 1C08 C0000303 A 
			81311 11073926 900001B 100 11070700 1A0E09 70004 80004 1C04 D16221D 3C281512 1209 7E00FC 7E00FC 8 7020907 13130707 104 8C3 3F7A0 303 2F220EE1 222F1622 14 10819 1907 C0000303 A 
			7110E F063121 8000018 100 E060600 180C08 70004 80004 1A04 B141E1A 34221210 1008 6C00D8 6C00D8 8 6020806 10100606 E0 785 3F7A0 303 2D1E0CC1 1E2D141E 14 10717 1706 C0000303 A 
			70F0D F062B1D 7000015 100 D060600 170B07 70004 80004 1904 A131D17 2E1E100E E07 5F00BE 5F00BE 8 6020806 F0F0606 C5 69A 3F7A0 303 2C1D0BA9 1D2C131D 14 10716 1606 C0000303 A 
			50B0A A042016 6000010 100 A040400 110906 70004 80004 1504 8101612 22170C0B B05 47008E 47008E 8 4020604 C0C0404 94 4F4 3F7A0 303 2618087F 16261018 14 10510 1004 C0000003 A 
			50A09 A041E14 500000E 100 9040400 110805 70004 80004 1504 70F1610 20150B0A A05 420083 420083 8 4020604 B0B0404 89 48F 3F7A0 0 26180775 16260F18 14 10510 1004 40000000 A 
			50908 A041B12 500000D 100 8040400 100705 70004 80004 1504 60F160F 1D130A09 904 3C0077 3C0077 8 4020604 A0A0404 7C 421 3F7A0 0 2518076A 16250F18 14 1050F F04 40000000 A 
			40807 804160F 400000B 100 7040400 D0605 70004 80004 1404 50D130D 170F0807 704 30005F 30005F 8 3020503 9090404 64 34D 3F7A0 0 22180655 13220D18 14 1040C C03 40000000 A 
			40605 804120C 4000009 100 5040400 C0605 70004 80004 1404 50D120B 130C0706 604 27004D 27004D 8 3020503 7070404 51 2AB 3F7A0 0 21180545 12210D18 14 1040B B03 40000000 A 
			30605 1104110C 4000008 100 5040400 A0605 70004 80004 1204 50C100A 120C0706 604 26004B 26004B 8 3020503 7070404 4F 29B 3F7A0 0 1F180443 101F0C18 14 10309 902 40000000 A 
			30504 5040E09 4000007 100 4040400 A0605 70004 80004 1004 50C1009 F0A0505 504 1E003B 1E003B 8 3020503 6060404 3F 20F 3F7A0 0 1F180435 101F0C18 14 10309 902 40000000 A 
			30404 5040A07 4000006 100 4040400 A0605 70004 80004 1004 50C1007 A070404 404 150029 150029 8 3020503 6060404 2C 166 3F7A0 0 1F180324 101F0C18 14 10309 902 40000000 A 
			20404 3040A06 4000006 100 4040400 60605 70004 80004 E05 50B0D06 A060404 404 F001E F001E 8 3020503 6060404 20 104 3F7A0 0 1B18021A D1B0B18 14 10205 501 40000000 A 
		[PARAMETER KEY] : AC7
		[NUM OF TIMING PARAMETER] : 28
		[NUM OF LEVEL] : 14
			[TABLE]
			91613 1408422C B00002A 100 130B0B00 1D100B 70004 80004 1D04 F192522 462E1815 150D 930126 930126 B 8020A08 15150808 12F A39 3F7A0 300 322510FF 25321925 14 1091C 1C08 C0000300 A 
			91613 1408402B B000029 100 130B0B00 1D100B 70004 80004 1D04 F192521 432C1714 140C 8D0119 8D0119 B 8020A08 15150808 122 9C7 3F7A0 300 322510FB 25321925 14 1091C 1C08 C0000300 A 
			81311 11073926 9000024 100 11090900 1A0E09 70004 80004 1C04 D16221D 3C281512 120B 7E00FC 7E00FC 9 7020907 13130707 104 8C3 3F7A0 300 2F220EE1 222F1622 14 10819 1907 C0000300 A 
			7110E F063121 800001F 100 E080800 180C08 70004 80004 1A04 B141E1A 34221210 100A 6C00D8 6C00D8 8 6020806 10100606 E0 785 3F7A0 300 2D1E0CC1 1E2D141E 14 10717 1706 C0000300 A 
			70F0D F062B1D 700001C 100 D070700 170B07 70004 80004 1904 A131D17 2E1E100E E09 5F00BE 5F00BE 8 6020806 F0F0606 C5 69A 3F7A0 300 2C1D0BA9 1D2C131D 14 10716 1606 C0000300 A 
			50B0A A042016 6000015 100 A060600 110906 70004 80004 1504 8101612 22170C0B B07 47008E 47008E 8 4020604 C0C0404 94 4F4 3F7A0 300 2618087F 16261018 14 10510 1004 40000000 A 
			50A09 A041E14 5000013 100 9050500 110805 70004 80004 1504 70F1610 20150B0A A06 420083 420083 8 4020604 B0B0404 89 48F 3F7A0 0 26180775 16260F18 14 10510 1004 40000000 A 
			50908 A041B12 5000011 100 8050500 100705 70004 80004 1504 60F160F 1D130A09 906 3C0077 3C0077 8 4020604 A0A0404 7C 421 3F7A0 0 2518076A 16250F18 14 1050F F04 40000000 A 
			40807 804160F 400000E 100 7040400 D0605 70004 80004 1404 50D130D 170F0807 705 30005F 30005F 8 3020503 9090404 64 34D 3F7A0 0 22180655 13220D18 14 1040C C03 40000000 A 
			40605 804120C 400000B 100 5040400 C0605 70004 80004 1404 50D120B 130C0706 604 27004D 27004D 8 3020503 7070404 51 2AB 3F7A0 0 21180545 12210D18 14 1040B B03 40000000 A 
			30605 1104110C 400000B 100 5040400 A0605 70004 80004 1204 50C100A 120C0706 604 26004B 26004B 8 3020503 7070404 4F 29B 3F7A0 0 1F180443 101F0C18 14 10309 902 40000000 A 
			30504 5040E09 4000009 100 4040400 A0605 70004 80004 1004 50C1009 F0A0505 504 1E003B 1E003B 8 3020503 6060404 3F 20F 3F7A0 0 1F180435 101F0C18 14 10309 902 40000000 A 
			30404 5040A07 4000006 100 4040400 A0605 70004 80004 1004 50C1007 A070404 404 150029 150029 8 3020503 6060404 2C 166 3F7A0 0 1F180324 101F0C18 14 10309 902 40000000 A 
			20404 3040A06 4000006 100 4040400 60605 70004 80004 E05 50B0D06 A060404 404 F001E F001E 8 3020503 6060404 20 104 3F7A0 0 1B18021A D1B0B18 14 10205 501 40000000 A 
		[PARAMETER KEY] : AC8
		[NUM OF TIMING PARAMETER] : 28
		[NUM OF LEVEL] : 14
			[TABLE]
			91613 1408422C B00002A 100 130B0B00 1D100B 70004 80004 1D04 F192522 462E1815 150D 5F00BD 5F00BD B 8020A08 15150808 C7 A39 3F7A0 303 322510FF 25321925 14 1091C 1C08 C0000303 A 
			91613 1408402B B000029 100 130B0B00 1D100B 70004 80004 1D04 F192521 432C1714 140C 5B00B5 5B00B5 B 8020A08 15150808 BE 9C7 3F7A0 303 322510FB 25321925 14 1091C 1C08 C0000303 A 
			81311 11073926 9000024 100 11090900 1A0E09 70004 80004 1C04 D16221D 3C281512 120B 5100A2 5100A2 9 7020907 13130707 AB 8C3 3F7A0 303 2F220EE1 222F1622 14 10819 1907 C0000303 A 
			7110E F063121 800001F 100 E080800 180C08 70004 80004 1A04 B141E1A 34221210 100A 46008B 46008B 8 6020806 10100606 93 785 3F7A0 303 2D1E0CC1 1E2D141E 14 10717 1706 C0000303 A 
			70F0D F062B1D 700001C 100 D070700 170B07 70004 80004 1904 A131D17 2E1E100E E09 3D007A 3D007A 8 6020806 F0F0606 81 69A 3F7A0 303 2C1D0BA9 1D2C131D 14 10716 1606 C0000303 A 
			50B0A A042016 6000015 100 A060600 110906 70004 80004 1504 8101612 22170C0B B07 2E005C 2E005C 8 4020604 C0C0404 62 4F4 3F7A0 303 2618087F 16261018 14 10510 1004 C0000003 A 
			50A09 A041E14 5000013 100 9050500 110805 70004 80004 1504 70F1610 20150B0A A06 2A0054 2A0054 8 4020604 B0B0404 5A 48F 3F7A0 0 26180775 16260F18 14 10510 1004 40000000 A 
			50908 A041B12 5000011 100 8050500 100705 70004 80004 1504 60F160F 1D130A09 906 27004D 27004D 8 4020604 A0A0404 52 421 3F7A0 0 2518076A 16250F18 14 1050F F04 40000000 A 
			40807 804160F 400000E 100 7040400 D0605 70004 80004 1404 50D130D 170F0807 705 1F003D 1F003D 8 3020503 9090404 42 34D 3F7A0 0 22180655 13220D18 14 1040C C03 40000000 A 
			40605 804120C 400000B 100 5040400 C0605 70004 80004 1404 50D120B 130C0706 604 190032 190032 8 3020503 7070404 36 2AB 3F7A0 0 21180545 12210D18 14 1040B B03 40000000 A 
			30605 1104110C 400000B 100 5040400 A0605 70004 80004 1204 50C100A 120C0706 604 180030 180030 8 3020503 7070404 34 29B 3F7A0 0 1F180443 101F0C18 14 10309 902 40000000 A 
			30504 5040E09 4000009 100 4040400 A0605 70004 80004 1004 50C1009 F0A0505 504 130026 130026 8 3020503 6060404 2A 20F 3F7A0 0 1F180435 101F0C18 14 10309 902 40000000 A 
			30404 5040A07 4000006 100 4040400 A0605 70004 80004 1004 50C1007 A070404 404 D001A D001A 8 3020503 6060404 1D 166 3F7A0 0 1F180324 101F0C18 14 10309 902 40000000 A 
			20404 3040A06 4000006 100 4040400 60605 70004 80004 E05 50B0D06 A060404 404 A0013 A0013 8 3020503 6060404 16 104 3F7A0 0 1B18021A D1B0B18 14 10205 501 40000000 A 
		[PARAMETER KEY] : AC9
		[NUM OF TIMING PARAMETER] : 28
		[NUM OF LEVEL] : 14
			[TABLE]
			91613 1408422C B00002A 100 130B0B00 1D100B 70004 80004 1D04 F192522 462E1815 150D 5F00BD 5F00BD B 8020A08 15150808 C7 A39 3F7A0 303 322510FF 25321925 14 1091C 1C08 C0000303 A 
			91613 1408402B B000029 100 130B0B00 1D100B 70004 80004 1D04 F192521 432C1714 140C 5B00B5 5B00B5 B 8020A08 15150808 BE 9C7 3F7A0 303 322510FB 25321925 14 1091C 1C08 C0000303 A 
			81311 11073926 9000024 100 11090900 1A0E09 70004 80004 1C04 D16221D 3C281512 120B 5100A2 5100A2 9 7020907 13130707 AB 8C3 3F7A0 303 2F220EE1 222F1622 14 10819 1907 C0000303 A 
			7110E F063121 800001F 100 E080800 180C08 70004 80004 1A04 B141E1A 34221210 100A 46008B 46008B 8 6020806 10100606 93 785 3F7A0 303 2D1E0CC1 1E2D141E 14 10717 1706 C0000303 A 
			70F0D F062B1D 700001C 100 D070700 170B07 70004 80004 1904 A131D17 2E1E100E E09 3D007A 3D007A 8 6020806 F0F0606 81 69A 3F7A0 303 2C1D0BA9 1D2C131D 14 10716 1606 C0000303 A 
			50B0A A042016 6000015 100 A060600 110906 70004 80004 1504 8101612 22170C0B B07 2E005C 2E005C 8 4020604 C0C0404 62 4F4 3F7A0 303 2618087F 16261018 14 10510 1004 C0000003 A 
			50A09 A041E14 5000013 100 9050500 110805 70004 80004 1504 70F1610 20150B0A A06 2A0054 2A0054 8 4020604 B0B0404 5A 48F 3F7A0 0 26180775 16260F18 14 10510 1004 40000000 A 
			50908 A041B12 5000011 100 8050500 100705 70004 80004 1504 60F160F 1D130A09 906 27004D 27004D 8 4020604 A0A0404 52 421 3F7A0 0 2518076A 16250F18 14 1050F F04 40000000 A 
			40807 804160F 400000E 100 7040400 D0605 70004 80004 1404 50D130D 170F0807 705 1F003D 1F003D 8 3020503 9090404 42 34D 3F7A0 0 22180655 13220D18 14 1040C C03 40000000 A 
			40605 804120C 400000B 100 5040400 C0605 70004 80004 1404 50D120B 130C0706 604 190032 190032 8 3020503 7070404 36 2AB 3F7A0 0 21180545 12210D18 14 1040B B03 40000000 A 
			30605 1104110C 400000B 100 5040400 A0605 70004 80004 1204 50C100A 120C0706 604 180030 180030 8 3020503 7070404 34 29B 3F7A0 0 1F180443 101F0C18 14 10309 902 40000000 A 
			30504 5040E09 4000009 100 4040400 A0605 70004 80004 1004 50C1009 F0A0505 504 130026 130026 8 3020503 6060404 2A 20F 3F7A0 0 1F180435 101F0C18 14 10309 902 40000000 A 
			30404 5040A07 4000006 100 4040400 A0605 70004 80004 1004 50C1007 A070404 404 D001A D001A 8 3020503 6060404 1D 166 3F7A0 0 1F180324 101F0C18 14 10309 902 40000000 A 
			20404 3040A06 4000006 100 4040400 60605 70004 80004 E05 50B0D06 A060404 404 A0013 A0013 8 3020503 6060404 16 104 3F7A0 0 1B18021A D1B0B18 14 10205 501 40000000 A 
		[PARAMETER KEY] : AC10
		[NUM OF TIMING PARAMETER] : 28
		[NUM OF LEVEL] : 14
			[TABLE]
			91613 1408422C B00002A 100 130B0B00 1D100B 70004 80004 1D04 F192522 462E1815 150D 5F00BD 5F00BD B 8020A08 15150808 C7 A39 3F7A0 303 322510FF 25321925 14 1091C 1C08 C0000303 A 
			91613 1408402B B000029 100 130B0B00 1D100B 70004 80004 1D04 F192521 432C1714 140C 5B00B5 5B00B5 B 8020A08 15150808 BE 9C7 3F7A0 303 322510FB 25321925 14 1091C 1C08 C0000303 A 
			81311 11073926 9000024 100 11090900 1A0E09 70004 80004 1C04 D16221D 3C281512 120B 5100A2 5100A2 9 7020907 13130707 AB 8C3 3F7A0 303 2F220EE1 222F1622 14 10819 1907 C0000303 A 
			7110E F063121 800001F 100 E080800 180C08 70004 80004 1A04 B141E1A 34221210 100A 46008B 46008B 8 6020806 10100606 93 785 3F7A0 303 2D1E0CC1 1E2D141E 14 10717 1706 C0000303 A 
			70F0D F062B1D 700001C 100 D070700 170B07 70004 80004 1904 A131D17 2E1E100E E09 3D007A 3D007A 8 6020806 F0F0606 81 69A 3F7A0 303 2C1D0BA9 1D2C131D 14 10716 1606 C0000303 A 
			50B0A A042016 6000015 100 A060600 110906 70004 80004 1504 8101612 22170C0B B07 2E005C 2E005C 8 4020604 C0C0404 62 4F4 3F7A0 303 2618087F 16261018 14 10510 1004 C0000003 A 
			50A09 A041E14 5000013 100 9050500 110805 70004 80004 1504 70F1610 20150B0A A06 2A0054 2A0054 8 4020604 B0B0404 5A 48F 3F7A0 0 26180775 16260F18 14 10510 1004 40000000 A 
			50908 A041B12 5000011 100 8050500 100705 70004 80004 1504 60F160F 1D130A09 906 27004D 27004D 8 4020604 A0A0404 52 421 3F7A0 0 2518076A 16250F18 14 1050F F04 40000000 A 
			40807 804160F 400000E 100 7040400 D0605 70004 80004 1404 50D130D 170F0807 705 1F003D 1F003D 8 3020503 9090404 42 34D 3F7A0 0 22180655 13220D18 14 1040C C03 40000000 A 
			40605 804120C 400000B 100 5040400 C0605 70004 80004 1404 50D120B 130C0706 604 190032 190032 8 3020503 7070404 36 2AB 3F7A0 0 21180545 12210D18 14 1040B B03 40000000 A 
			30605 1104110C 400000B 100 5040400 A0605 70004 80004 1204 50C100A 120C0706 604 180030 180030 8 3020503 7070404 34 29B 3F7A0 0 1F180443 101F0C18 14 10309 902 40000000 A 
			30504 5040E09 4000009 100 4040400 A0605 70004 80004 1004 50C1009 F0A0505 504 130026 130026 8 3020503 6060404 2A 20F 3F7A0 0 1F180435 101F0C18 14 10309 902 40000000 A 
			30404 5040A07 4000006 100 4040400 A0605 70004 80004 1004 50C1007 A070404 404 D001A D001A 8 3020503 6060404 1D 166 3F7A0 0 1F180324 101F0C18 14 10309 902 40000000 A 
			20404 3040A06 4000006 100 4040400 60605 70004 80004 E05 50B0D06 A060404 404 A0013 A0013 8 3020503 6060404 16 104 3F7A0 0 1B18021A D1B0B18 14 10205 501 40000000 A 
		[PARAMETER KEY] : B1
		[NUM OF TIMING PARAMETER] : 8
		[NUM OF LEVEL] : 14
			[TABLE]
			82DA1F00 80100000 40004070 38E3FFFF 243F3F 40 3F0033 1 
			7D2A1F00 80100000 40004070 38E3FFFF 243F3F 40 3F0033 1 
			70291F00 80100000 40004070 38E3FFFF 243F3F 40 3F0033 1 
			60481F00 80100000 40004070 38E3FFFF 243F3F 40 3F0033 1 
			54881F00 80100000 40004070 38E3FFFF 243F3F 40 3F0033 2 
			3F659F00 80100000 40004070 38E3FFFF 243F3F 40 3F0033 2 
			3A558A00 80100000 4051 38E3FFFF 243F3F 40 3F0000 2 
			34D58A00 80100000 4051 38E3FFFF 243F3F 40 3F0000 3 
			2A440A00 80100000 4051 38E3FFFF 243F3F 40 3F0000 3 
			22240A00 80100000 4051 38E3FFFF 243F3F 40 3F0000 3 
			21530A00 80100000 4051 38E3FFFF 243F3F 40 3F0000 3 
			1A530A00 C0100000 A3004051 38E3FFFF 243F3F 40 3F0000 3 
			11E30A00 C0100000 A3004051 38E3FFFF 243F3F 40 3F0000 3 
			D018A00 C0100A0A A3004051 38E3FFFF 243F3F 40 3F0000 3 
		[PARAMETER KEY] : B2
		[NUM OF TIMING PARAMETER] : 8
		[NUM OF LEVEL] : 14
			[TABLE]
			82DA0E00 80100000 4001B070 38E3FFFF 243F3F 40 3F0000 1 
			7D2A0E00 80100000 4001B070 38E3FFFF 243F3F 40 3F0000 1 
			70290E00 80100000 4001B070 38E3FFFF 243F3F 40 3F0000 1 
			60480E00 80100000 4001B070 38E3FFFF 243F3F 40 3F0000 1 
			54880E00 80100000 4001B070 38E3FFFF 243F3F 40 3F0000 2 
			3F658E00 80100000 4001B070 38E3FFFF 243F3F 40 3F0000 2 
			3A558A00 80100000 4051 38E3FFFF 243F3F 40 3F0000 2 
			34D58A00 80100000 4051 38E3FFFF 243F3F 40 3F0000 3 
			2A440A00 80100000 4051 38E3FFFF 243F3F 40 3F0000 3 
			22240A00 80100000 4051 38E3FFFF 243F3F 40 3F0000 3 
			21530A00 80100000 4051 38E3FFFF 243F3F 40 3F0000 3 
			1A530A00 C0100000 A3004051 38E3FFFF 243F3F 40 3F0000 3 
			11E30A00 C0100000 A3004051 38E3FFFF 243F3F 40 3F0000 3 
			D018A00 C0100A0A A3004051 38E3FFFF 243F3F 40 3F0000 3 
		[PARAMETER KEY] : B3
		[NUM OF TIMING PARAMETER] : 1
		[NUM OF LEVEL] : 1
			[TABLE]
			0 
		[PARAMETER KEY] : B4
		[NUM OF TIMING PARAMETER] : 1
		[NUM OF LEVEL] : 1
			[TABLE]
			0 
		[PARAMETER KEY] : B5
		[NUM OF TIMING PARAMETER] : 1
		[NUM OF LEVEL] : 1
			[TABLE]
			0 
		[PARAMETER KEY] : C1
		[NUM OF TIMING PARAMETER] : 8
		[NUM OF LEVEL] : 14
			[TABLE]
			FE 3F F0 4 5D 18 17 24 
			FE 3F F0 4 5D 18 17 24 
			EE 36 F0 4 5D 18 17 24 
			DE 2D F0 4 5D 18 17 24 
			DE 2D F0 4 5D 18 17 24 
			BE 1B F0 4 5D 18 17 24 
			36 1B F0 4 5D 18 17 24 
			36 1B F0 4 5D 18 17 24 
			26 12 F0 0 5D 18 5D 24 
			26 12 F0 0 5D 18 5D 24 
			16 9 F0 0 5D 18 5D 24 
			16 9 F0 0 5D 18 5D 24 
			16 9 F0 0 5D 18 5D 24 
			6 0 F0 0 5D 18 5D 24 
		[PARAMETER KEY] : C2
		[NUM OF TIMING PARAMETER] : 8
		[NUM OF LEVEL] : 14
			[TABLE]
			76 3F F0 4 5D 18 17 24 
			76 3F F0 4 5D 18 17 24 
			66 36 F0 4 5D 18 17 24 
			56 2D F0 4 5D 18 17 24 
			56 2D F0 4 5D 18 17 24 
			36 1B F0 4 5D 18 17 24 
			36 1B F0 4 5D 18 17 24 
			36 1B F0 4 5D 18 17 24 
			26 12 F0 0 5D 18 5D 24 
			26 12 F0 0 5D 18 5D 24 
			16 9 F0 0 5D 18 5D 24 
			16 9 F0 0 5D 18 5D 24 
			16 9 F0 0 5D 18 5D 24 
			6 0 F0 0 5D 18 5D 24 
		[PARAMETER KEY] : C3
		[NUM OF TIMING PARAMETER] : 8
		[NUM OF LEVEL] : 14
			[TABLE]
			7E 3F F0 4 5D 18 17 24 
			7E 3F F0 4 5D 18 17 24 
			6E 36 F0 4 5D 18 17 24 
			5E 2D F0 4 5D 18 17 24 
			5E 2D F0 4 5D 18 17 24 
			3E 1B F0 4 5D 18 17 24 
			36 1B F0 4 5D 18 17 24 
			36 1B F0 4 5D 18 17 24 
			26 12 F0 0 5D 18 5D 24 
			26 12 F0 0 5D 18 5D 24 
			16 9 F0 0 5D 18 5D 24 
			16 9 F0 0 5D 18 5D 24 
			16 9 F0 0 5D 18 5D 24 
			6 0 F0 0 5D 18 5D 24 
		[PARAMETER KEY] : C4
		[NUM OF TIMING PARAMETER] : 1
		[NUM OF LEVEL] : 1
			[TABLE]
			0 
		[PARAMETER KEY] : DA1
		[NUM OF TIMING PARAMETER] : 1
		[NUM OF LEVEL] : 15
			[TABLE]
			1 
			0 
			10C8E0 
			1B7740 
			927C0 
			927C0 
			124F80 
			1BD8E8 
			98968 
			98968 
			1 
			1 
			1 
			1 
			1 
		[PARAMETER KEY] : DA2
		[NUM OF TIMING PARAMETER] : 1
		[NUM OF LEVEL] : 15
			[TABLE]
			2 
			0 
			10C8E0 
			1B7740 
			927C0 
			927C0 
			124F80 
			1BD8E8 
			98968 
			98968 
			1 
			1 
			1 
			1 
			1 
		[PARAMETER KEY] : DA3
		[NUM OF TIMING PARAMETER] : 1
		[NUM OF LEVEL] : 15
			[TABLE]
			3 
			0 
			10C8E0 
			1B7740 
			927C0 
			927C0 
			124F80 
			1BD8E8 
			98968 
			98968 
			1 
			1 
			1 
			1 
			1 
		[PARAMETER KEY] : DA4
		[NUM OF TIMING PARAMETER] : 1
		[NUM OF LEVEL] : 15
			[TABLE]
			4 
			0 
			10C8E0 
			1B7740 
			927C0 
			927C0 
			124F80 
			1BD8E8 
			98968 
			98968 
			1 
			1 
			1 
			1 
			1 
		[PARAMETER KEY] : DA5
		[NUM OF TIMING PARAMETER] : 1
		[NUM OF LEVEL] : 15
			[TABLE]
			5 
			0 
			10C8E0 
			1B7740 
			927C0 
			927C0 
			124F80 
			1BD8E8 
			98968 
			98968 
			1 
			1 
			1 
			1 
			1 
		[PARAMETER KEY] : DA6
		[NUM OF TIMING PARAMETER] : 1
		[NUM OF LEVEL] : 15
			[TABLE]
			5 
			0 
			10C8E0 
			1B7740 
			927C0 
			927C0 
			124F80 
			1BD8E8 
			98968 
			98968 
			1 
			1 
			1 
			1 
			1 
		[PARAMETER KEY] : DB1
		[NUM OF TIMING PARAMETER] : 1
		[NUM OF LEVEL] : 14
			[TABLE]
			0 
			0 
			0 
			0 
			0 
			0 
			0 
			0 
			0 
			0 
			0 
			0 
			0 
			0 
[ECT] : AP Thermal Information
	[PARSER VERSION] : 1
	[VERSION] : 0.01
	[NUM OF FUNCTION] : 2
		[FUNCTION NAME] : APOLLO
		[NUM OF RANGE] : 8
			[LOWER BOUND TEMPERATURE] : 20
			[UPPER BOUND TEMPERATURE] : 75
			[MAX FREQUENCY] : 1690000
			[SW TRIP] : 0
			[FLAG] : 0
			[LOWER BOUND TEMPERATURE] : 76
			[UPPER BOUND TEMPERATURE] : 80
			[MAX FREQUENCY] : 1690000
			[SW TRIP] : 0
			[FLAG] : 0
			[LOWER BOUND TEMPERATURE] : 81
			[UPPER BOUND TEMPERATURE] : 85
			[MAX FREQUENCY] : 1456000
			[SW TRIP] : 0
			[FLAG] : 0
			[LOWER BOUND TEMPERATURE] : 86
			[UPPER BOUND TEMPERATURE] : 90
			[MAX FREQUENCY] : 1248000
			[SW TRIP] : 0
			[FLAG] : 0
			[LOWER BOUND TEMPERATURE] : 91
			[UPPER BOUND TEMPERATURE] : 95
			[MAX FREQUENCY] : 1053000
			[SW TRIP] : 0
			[FLAG] : 0
			[LOWER BOUND TEMPERATURE] : 96
			[UPPER BOUND TEMPERATURE] : 100
			[MAX FREQUENCY] : 598000
			[SW TRIP] : 0
			[FLAG] : 0
			[LOWER BOUND TEMPERATURE] : 101
			[UPPER BOUND TEMPERATURE] : 114
			[MAX FREQUENCY] : 598000
			[SW TRIP] : 0
			[FLAG] : 0
			[LOWER BOUND TEMPERATURE] : 115
			[UPPER BOUND TEMPERATURE] : 115
			[MAX FREQUENCY] : 598000
			[SW TRIP] : 0
			[FLAG] : 0
		[FUNCTION NAME] : ISP
		[NUM OF RANGE] : 5
			[LOWER BOUND TEMPERATURE] : 20
			[UPPER BOUND TEMPERATURE] : 94
			[MAX FREQUENCY] : 60
			[SW TRIP] : 0
			[FLAG] : 0
			[LOWER BOUND TEMPERATURE] : 95
			[UPPER BOUND TEMPERATURE] : 99
			[MAX FREQUENCY] : 60
			[SW TRIP] : 0
			[FLAG] : 0
			[LOWER BOUND TEMPERATURE] : 100
			[UPPER BOUND TEMPERATURE] : 104
			[MAX FREQUENCY] : 15
			[SW TRIP] : 0
			[FLAG] : 0
			[LOWER BOUND TEMPERATURE] : 105
			[UPPER BOUND TEMPERATURE] : 109
			[MAX FREQUENCY] : 5
			[SW TRIP] : 0
			[FLAG] : 0
			[LOWER BOUND TEMPERATURE] : 110
			[UPPER BOUND TEMPERATURE] : 114
			[MAX FREQUENCY] : 5
			[SW TRIP] : 0
			[FLAG] : 0
[ECT] : Minlock Information
	[PARSER VERSION] : 1
	[VERSION] : 0.01
	[NUM OF DOMAIN] : 3
		[DOMAIN NAME] : dvfs_cpucl0
			[Frequency] : (MAIN)2808000, (SUB)845000
			[Frequency] : (MAIN)2704000, (SUB)676000
			[Frequency] : (MAIN)2652000, (SUB)676000
			[Frequency] : (MAIN)2574000, (SUB)676000
			[Frequency] : (MAIN)2496000, (SUB)676000
			[Frequency] : (MAIN)2314000, (SUB)676000
			[Frequency] : (MAIN)2158000, (SUB)676000
			[Frequency] : (MAIN)2002000, (SUB)676000
			[Frequency] : (MAIN)1937000, (SUB)676000
			[Frequency] : (MAIN)1807000, (SUB)676000
			[Frequency] : (MAIN)1703000, (SUB)676000
			[Frequency] : (MAIN)1469000, (SUB)676000
			[Frequency] : (MAIN)1261000, (SUB)546000
			[Frequency] : (MAIN)1170000, (SUB)208000
			[Frequency] : (MAIN)1066000, (SUB)208000
			[Frequency] : (MAIN)962000, (SUB)208000
			[Frequency] : (MAIN)858000, (SUB)208000
			[Frequency] : (MAIN)741000, (SUB)208000
		[DOMAIN NAME] : dvfs_mif
			[Frequency] : (MAIN)2093000, (SUB)400000
			[Frequency] : (MAIN)2002000, (SUB)400000
			[Frequency] : (MAIN)1794000, (SUB)400000
			[Frequency] : (MAIN)1540000, (SUB)267000
			[Frequency] : (MAIN)1352000, (SUB)267000
			[Frequency] : (MAIN)1014000, (SUB)107000
			[Frequency] : (MAIN)845000, (SUB)107000
			[Frequency] : (MAIN)676000, (SUB)107000
			[Frequency] : (MAIN)546000, (SUB)107000
			[Frequency] : (MAIN)421000, (SUB)107000
			[Frequency] : (MAIN)286000, (SUB)107000
			[Frequency] : (MAIN)208000, (SUB)107000
		[DOMAIN NAME] : dvfs_g3d
			[Frequency] : (MAIN)839000, (SUB)267000
			[Frequency] : (MAIN)764000, (SUB)267000
			[Frequency] : (MAIN)683000, (SUB)267000
			[Frequency] : (MAIN)572000, (SUB)267000
			[Frequency] : (MAIN)546000, (SUB)107000
			[Frequency] : (MAIN)455000, (SUB)107000
			[Frequency] : (MAIN)338000, (SUB)107000
			[Frequency] : (MAIN)260000, (SUB)107000
